taxonomy_version,unit,chapter_num,chapter_slug,chapter_title_en,chapter_title_te,subtopic_slug,subtopic_en,subtopic_te,subtopic_te_search_key,microtopic_slug,microtopic_en,microtopic_te,microtopic_scope,old_draft_slug,subtopic_primary_sections,subtopic_secondary_sections,microtopic_primary_sections,microtopic_secondary_sections,earlier_review_flags
ap-history-taxonomy-v1,1,1,u1-c01-region-people-sources,"Andhra Region, People and Historical Sources","ఆంధ్ర ప్రాంతం, ప్రజలు మరియు చారిత్రక ఆధారాలు",u1-c01-land-people-identity,"Land, people and identity of Andhradesa","ఆంధ్రదేశం: భూమి, ప్రజలు మరియు గుర్తింపు","ఆంధ్రదేశం: భూమి, ప్రజలు మరియు గుర్తింపు",u1-c01-geography-extent,Geographical extent and historical meaning of Andhradesa,ఆంధ్రదేశ భౌగోళిక విస్తీర్ణం మరియు చారిత్రక అర్థం,direct,u1-c01-geography-extent,4,3,0,0,no_source
ap-history-taxonomy-v1,1,1,u1-c01-region-people-sources,"Andhra Region, People and Historical Sources","ఆంధ్ర ప్రాంతం, ప్రజలు మరియు చారిత్రక ఆధారాలు",u1-c01-land-people-identity,"Land, people and identity of Andhradesa","ఆంధ్రదేశం: భూమి, ప్రజలు మరియు గుర్తింపు","ఆంధ్రదేశం: భూమి, ప్రజలు మరియు గుర్తింపు",u1-c01-people-name-origin,Andhra people and origin of the name,ఆంధ్రులు మరియు పేరు పుట్టుక,direct,u1-c01-people-name-origin,4,3,3,1,
ap-history-taxonomy-v1,1,1,u1-c01-region-people-sources,"Andhra Region, People and Historical Sources","ఆంధ్ర ప్రాంతం, ప్రజలు మరియు చారిత్రక ఆధారాలు",u1-c01-land-people-identity,"Land, people and identity of Andhradesa","ఆంధ్రదేశం: భూమి, ప్రజలు మరియు గుర్తింపు","ఆంధ్రదేశం: భూమి, ప్రజలు మరియు గుర్తింపు",u1-c01-telugu-identity-language,Development of Telugu identity and language,తెలుగు గుర్తింపు మరియు భాష వికాసం,direct,u1-c01-telugu-identity-language,4,3,1,2,
ap-history-taxonomy-v1,1,1,u1-c01-region-people-sources,"Andhra Region, People and Historical Sources","ఆంధ్ర ప్రాంతం, ప్రజలు మరియు చారిత్రక ఆధారాలు",u1-c01-literary-sources,Literary sources,సాహిత్య ఆధారాలు,సాహిత్య ఆధారాలు,u1-c01-literary-sources,Literary sources,సాహిత్య ఆధారాలు,direct,u1-c01-literary-sources,1,1,1,1,
ap-history-taxonomy-v1,1,1,u1-c01-region-people-sources,"Andhra Region, People and Historical Sources","ఆంధ్ర ప్రాంతం, ప్రజలు మరియు చారిత్రక ఆధారాలు",u1-c01-foreign-accounts,Foreign accounts,విదేశీయుల రచనలు,విదేశీయుల రచనలు,u1-c01-foreign-accounts,Foreign accounts,విదేశీయుల రచనలు,direct,u1-c01-foreign-accounts,1,1,1,1,
ap-history-taxonomy-v1,1,1,u1-c01-region-people-sources,"Andhra Region, People and Historical Sources","ఆంధ్ర ప్రాంతం, ప్రజలు మరియు చారిత్రక ఆధారాలు",u1-c01-inscriptions,Inscriptions,శాసనాలు,శాసనాలు,u1-c01-inscriptions,Inscriptions,శాసనాలు,direct,u1-c01-inscriptions,1,2,1,2,overlap
ap-history-taxonomy-v1,1,1,u1-c01-region-people-sources,"Andhra Region, People and Historical Sources","ఆంధ్ర ప్రాంతం, ప్రజలు మరియు చారిత్రక ఆధారాలు",u1-c01-coins,Coins,నాణేలు,నాణేలు,u1-c01-coins,Coins,నాణేలు,direct,u1-c01-coins,1,0,1,0,overlap
ap-history-taxonomy-v1,1,1,u1-c01-region-people-sources,"Andhra Region, People and Historical Sources","ఆంధ్ర ప్రాంతం, ప్రజలు మరియు చారిత్రక ఆధారాలు",u1-c01-archaeology-sites,Archaeological evidence and historical sites,పురావస్తు ఆధారాలు మరియు చారిత్రక స్థలాలు,పురావస్తు ఆధారాలు మరియు చారిత్రక స్థలాలు,u1-c01-archaeological-evidence,Archaeological evidence,పురావస్తు ఆధారాలు,direct,u1-c01-archaeological-evidence,4,7,3,1,
ap-history-taxonomy-v1,1,1,u1-c01-region-people-sources,"Andhra Region, People and Historical Sources","ఆంధ్ర ప్రాంతం, ప్రజలు మరియు చారిత్రక ఆధారాలు",u1-c01-archaeology-sites,Archaeological evidence and historical sites,పురావస్తు ఆధారాలు మరియు చారిత్రక స్థలాలు,పురావస్తు ఆధారాలు మరియు చారిత్రక స్థలాలు,u1-c01-important-sites,Important historical sites,ముఖ్య చారిత్రక స్థలాలు,direct,u1-c01-important-sites,4,7,1,8,overlap
ap-history-taxonomy-v1,1,2,u1-c02-prehistoric-cultures,Prehistoric Cultures of Andhra,ఆంధ్రలో చరిత్రపూర్వ సంస్కృతులు,u1-c02-palaeolithic-mesolithic,Palaeolithic and Mesolithic cultures,పురాతన శిలాయుగం (పాలియోలిథిక్) మరియు మధ్య శిలాయుగం (మెసోలిథిక్) సంస్కృతులు,పురాతన శిలాయుగం (పాలియోలిథిక్) మరియు మధ్య శిలాయుగం (మెసోలిథిక్) సంస్కృతులు,u1-c02-palaeolithic,Palaeolithic,పురాతన శిలాయుగం (పాలియోలిథిక్),direct,u1-c02-palaeolithic,4,1,3,1,
ap-history-taxonomy-v1,1,2,u1-c02-prehistoric-cultures,Prehistoric Cultures of Andhra,ఆంధ్రలో చరిత్రపూర్వ సంస్కృతులు,u1-c02-palaeolithic-mesolithic,Palaeolithic and Mesolithic cultures,పురాతన శిలాయుగం (పాలియోలిథిక్) మరియు మధ్య శిలాయుగం (మెసోలిథిక్) సంస్కృతులు,పురాతన శిలాయుగం (పాలియోలిథిక్) మరియు మధ్య శిలాయుగం (మెసోలిథిక్) సంస్కృతులు,u1-c02-mesolithic,Mesolithic,మధ్య శిలాయుగం (మెసోలిథిక్),direct,u1-c02-mesolithic,4,1,1,0,
ap-history-taxonomy-v1,1,2,u1-c02-prehistoric-cultures,Prehistoric Cultures of Andhra,ఆంధ్రలో చరిత్రపూర్వ సంస్కృతులు,u1-c02-neolithic-chalcolithic,Neolithic and Chalcolithic cultures,నవీన శిలాయుగం (నియోలిథిక్) మరియు రాగి–రాతి యుగం (చాల్కోలిథిక్),నవీన శిలాయుగం (నియోలిథిక్) మరియు రాగి–రాతి యుగం (చాల్కోలిథిక్),u1-c02-neolithic,Neolithic,నవీన శిలాయుగం (నియోలిథిక్),direct,u1-c02-neolithic,1,0,1,0,
ap-history-taxonomy-v1,1,2,u1-c02-prehistoric-cultures,Prehistoric Cultures of Andhra,ఆంధ్రలో చరిత్రపూర్వ సంస్కృతులు,u1-c02-neolithic-chalcolithic,Neolithic and Chalcolithic cultures,నవీన శిలాయుగం (నియోలిథిక్) మరియు రాగి–రాతి యుగం (చాల్కోలిథిక్),నవీన శిలాయుగం (నియోలిథిక్) మరియు రాగి–రాతి యుగం (చాల్కోలిథిక్),u1-c02-chalcolithic,Chalcolithic,రాగి–రాతి యుగం (చాల్కోలిథిక్),direct,u1-c02-chalcolithic,1,0,0,0,no_source;telugu_review
ap-history-taxonomy-v1,1,2,u1-c02-prehistoric-cultures,Prehistoric Cultures of Andhra,ఆంధ్రలో చరిత్రపూర్వ సంస్కృతులు,u1-c02-megalithic-iron-age,Megalithic and Iron Age cultures,బృహత్‌శిలా సంస్కృతి (మెగాలిథిక్) మరియు ఇనుప యుగం,బృహత్శిలా సంస్కృతి (మెగాలిథిక్) మరియు ఇనుప యుగం,u1-c02-megalithic-iron-age,Megalithic and Iron Age cultures,బృహత్‌శిలా సంస్కృతి (మెగాలిథిక్) మరియు ఇనుప యుగం,direct,u1-c02-megalithic-iron-age,1,0,1,0,
ap-history-taxonomy-v1,1,2,u1-c02-prehistoric-cultures,Prehistoric Cultures of Andhra,ఆంధ్రలో చరిత్రపూర్వ సంస్కృతులు,u1-c02-megalithic-iron-age,Megalithic and Iron Age cultures,బృహత్‌శిలా సంస్కృతి (మెగాలిథిక్) మరియు ఇనుప యుగం,బృహత్శిలా సంస్కృతి (మెగాలిథిక్) మరియు ఇనుప యుగం,u1-c02-burial-practices,Burial practices,ఖననాచారాలు,direct,u1-c02-burial-practices,1,0,0,1,
ap-history-taxonomy-v1,1,2,u1-c02-prehistoric-cultures,Prehistoric Cultures of Andhra,ఆంధ్రలో చరిత్రపూర్వ సంస్కృతులు,u1-c02-tools-pottery,"Tools, technology and pottery","పనిముట్లు, సాంకేతికత మరియు మట్టి పాత్రలు","పనిముట్లు, సాంకేతికత మరియు మట్టి పాత్రలు",u1-c02-tools-technology,Tools and technologies,పనిముట్లు మరియు సాంకేతికత,direct,u1-c02-tools-technology,1,1,1,1,
ap-history-taxonomy-v1,1,2,u1-c02-prehistoric-cultures,Prehistoric Cultures of Andhra,ఆంధ్రలో చరిత్రపూర్వ సంస్కృతులు,u1-c02-tools-pottery,"Tools, technology and pottery","పనిముట్లు, సాంకేతికత మరియు మట్టి పాత్రలు","పనిముట్లు, సాంకేతికత మరియు మట్టి పాత్రలు",u1-c02-pottery,Pottery,మట్టి పాత్రలు,direct,u1-c02-pottery,1,1,0,0,no_source;overlap
ap-history-taxonomy-v1,1,2,u1-c02-prehistoric-cultures,Prehistoric Cultures of Andhra,ఆంధ్రలో చరిత్రపూర్వ సంస్కృతులు,u1-c02-important-sites,Important prehistoric sites,ముఖ్య చరిత్రపూర్వ స్థలాలు,ముఖ్య చరిత్రపూర్వ స్థలాలు,u1-c02-important-sites,Important prehistoric sites in Andhra,ఆంధ్రలోని ముఖ్య చరిత్రపూర్వ స్థలాలు,direct,u1-c02-important-sites,1,1,1,1,
ap-history-taxonomy-v1,1,3,u1-c03-pre-satavahana-andhra,Pre-Satavahana Andhra,శాతవాహనులకు పూర్వపు ఆంధ్ర,u1-c03-assaka-early-references,Assaka and early references to the Andhras,అస్సక మరియు ఆంధ్రుల తొలి ప్రస్తావనలు,అస్సక మరియు ఆంధ్రుల తొలి ప్రస్తావనలు,u1-c03-assaka-asmaka,Assaka / Asmaka,అస్సక / అశ్మక,direct,u1-c03-assaka-asmaka,4,1,2,0,
ap-history-taxonomy-v1,1,3,u1-c03-pre-satavahana-andhra,Pre-Satavahana Andhra,శాతవాహనులకు పూర్వపు ఆంధ్ర,u1-c03-assaka-early-references,Assaka and early references to the Andhras,అస్సక మరియు ఆంధ్రుల తొలి ప్రస్తావనలు,అస్సక మరియు ఆంధ్రుల తొలి ప్రస్తావనలు,u1-c03-early-andhra-references,Early Andhra references,ఆంధ్రుల తొలి ప్రస్తావనలు,direct,u1-c03-early-andhra-references,4,1,2,1,
ap-history-taxonomy-v1,1,3,u1-c03-pre-satavahana-andhra,Pre-Satavahana Andhra,శాతవాహనులకు పూర్వపు ఆంధ్ర,u1-c03-nandas-mauryas-ashoka,"Nandas, Mauryas and Ashoka's inscriptions","నందులు, మౌర్యులు మరియు అశోకుని శాసనాలు","నందులు, మౌర్యులు మరియు అశోకుని శాసనాలు",u1-c03-nandas-mauryas,Nandas and Mauryas,నందులు మరియు మౌర్యులు,direct,u1-c03-nandas-mauryas,1,1,1,1,
ap-history-taxonomy-v1,1,3,u1-c03-pre-satavahana-andhra,Pre-Satavahana Andhra,శాతవాహనులకు పూర్వపు ఆంధ్ర,u1-c03-nandas-mauryas-ashoka,"Nandas, Mauryas and Ashoka's inscriptions","నందులు, మౌర్యులు మరియు అశోకుని శాసనాలు","నందులు, మౌర్యులు మరియు అశోకుని శాసనాలు",u1-c03-ashoka-inscriptions,Ashoka's Andhra inscriptions,ఆంధ్రలో అశోకుని శాసనాలు,direct,u1-c03-ashoka-inscriptions,1,1,0,1,overlap
ap-history-taxonomy-v1,1,3,u1-c03-pre-satavahana-andhra,Pre-Satavahana Andhra,శాతవాహనులకు పూర్వపు ఆంధ్ర,u1-c03-nandas-mauryas-ashoka,"Nandas, Mauryas and Ashoka's inscriptions","నందులు, మౌర్యులు మరియు అశోకుని శాసనాలు","నందులు, మౌర్యులు మరియు అశోకుని శాసనాలు",u1-c03-erragudi-rajulamandagiri,Erragudi and Rajulamandagiri,ఎర్రగుడి మరియు రాజులమందగిరి,direct,u1-c03-erragudi-rajulamandagiri,1,1,0,1,narrow
ap-history-taxonomy-v1,1,3,u1-c03-pre-satavahana-andhra,Pre-Satavahana Andhra,శాతవాహనులకు పూర్వపు ఆంధ్ర,u1-c03-early-buddhism-centres,Early Buddhism and its centres,తొలి బౌద్ధమతం మరియు కేంద్రాలు,తొలి బౌద్ధమతం మరియు కేంద్రాలు,u1-c03-early-buddhism,Early Buddhism,తొలి బౌద్ధమతం,direct,u1-c03-early-buddhism,2,0,1,0,
ap-history-taxonomy-v1,1,3,u1-c03-pre-satavahana-andhra,Pre-Satavahana Andhra,శాతవాహనులకు పూర్వపు ఆంధ్ర,u1-c03-early-buddhism-centres,Early Buddhism and its centres,తొలి బౌద్ధమతం మరియు కేంద్రాలు,తొలి బౌద్ధమతం మరియు కేంద్రాలు,u1-c03-bhattiprolu,Bhattiprolu,భట్టిప్రోలు,direct,u1-c03-bhattiprolu,2,0,1,0,
ap-history-taxonomy-v1,1,3,u1-c03-pre-satavahana-andhra,Pre-Satavahana Andhra,శాతవాహనులకు పూర్వపు ఆంధ్ర,u1-c03-early-buddhism-centres,Early Buddhism and its centres,తొలి బౌద్ధమతం మరియు కేంద్రాలు,తొలి బౌద్ధమతం మరియు కేంద్రాలు,u1-c03-amaravati-dhanyakataka-beginnings,Amaravati / Dhanyakataka beginnings,అమరావతి / ధాన్యకటకం ఆరంభాలు,direct,u1-c03-amaravati-dhanyakataka-beginnings,2,0,0,1,overlap;narrow
ap-history-taxonomy-v1,1,3,u1-c03-pre-satavahana-andhra,Pre-Satavahana Andhra,శాతవాహనులకు పూర్వపు ఆంధ్ర,u1-c03-kharavela-kalinga,Kharavela and Kalinga,ఖారవేలుడు మరియు కళింగ,ఖారవేలుడు మరియు కళింగ,u1-c03-kharavela-hathigumpha,Kharavela and the Hathigumpha inscription,ఖారవేలుడు మరియు హాతిగుంఫా శాసనం,direct,u1-c03-kharavela-hathigumpha,0,0,0,0,no_source;telugu_review
ap-history-taxonomy-v1,1,3,u1-c03-pre-satavahana-andhra,Pre-Satavahana Andhra,శాతవాహనులకు పూర్వపు ఆంధ్ర,u1-c03-local-rulers-coinage,Early local rulers and coinage,తొలి స్థానిక పాలకులు మరియు నాణేలు,తొలి స్థానిక పాలకులు మరియు నాణేలు,u1-c03-early-local-rulers,Early local rulers,తొలి స్థానిక పాలకులు,direct,u1-c03-early-local-rulers,1,1,1,1,
ap-history-taxonomy-v1,1,3,u1-c03-pre-satavahana-andhra,Pre-Satavahana Andhra,శాతవాహనులకు పూర్వపు ఆంధ్ర,u1-c03-local-rulers-coinage,Early local rulers and coinage,తొలి స్థానిక పాలకులు మరియు నాణేలు,తొలి స్థానిక పాలకులు మరియు నాణేలు,u1-c03-punch-marked-local-coinage,Punch-marked and local coinage,ముద్రాంకిత (పంచ్-మార్క్డ్) నాణేలు మరియు స్థానిక నాణేలు,direct,u1-c03-punch-marked-local-coinage,1,1,0,0,no_source;overlap
ap-history-taxonomy-v1,1,4,u1-c04-satavahanas,Satavahanas,శాతవాహనులు,u1-c04-origin-chronology,"Origin, homeland and chronology","మూలం, జన్మభూమి మరియు కాలక్రమం","మూలం, జన్మభూమి మరియు కాలక్రమం",u1-c04-origin-homeland,Origin and homeland theories,మూలం మరియు జన్మభూమి సిద్ధాంతాలు,direct,u1-c04-origin-homeland,2,1,1,1,
ap-history-taxonomy-v1,1,4,u1-c04-satavahanas,Satavahanas,శాతవాహనులు,u1-c04-origin-chronology,"Origin, homeland and chronology","మూలం, జన్మభూమి మరియు కాలక్రమం","మూలం, జన్మభూమి మరియు కాలక్రమం",u1-c04-chronology,Chronology,కాలక్రమం,direct,u1-c04-chronology,2,1,1,0,
ap-history-taxonomy-v1,1,4,u1-c04-satavahanas,Satavahanas,శాతవాహనులు,u1-c04-political-history,Political history and rulers,రాజకీయ చరిత్ర మరియు పాలకులు,రాజకీయ చరిత్ర మరియు పాలకులు,u1-c04-political-history,Political history,రాజకీయ చరిత్ర,direct,u1-c04-political-history,5,0,3,1,
ap-history-taxonomy-v1,1,4,u1-c04-satavahanas,Satavahanas,శాతవాహనులు,u1-c04-political-history,Political history and rulers,రాజకీయ చరిత్ర మరియు పాలకులు,రాజకీయ చరిత్ర మరియు పాలకులు,u1-c04-important-rulers,Important rulers,ముఖ్య పాలకులు,direct,u1-c04-important-rulers,5,0,2,1,
ap-history-taxonomy-v1,1,4,u1-c04-satavahanas,Satavahanas,శాతవాహనులు,u1-c04-political-history,Political history and rulers,రాజకీయ చరిత్ర మరియు పాలకులు,రాజకీయ చరిత్ర మరియు పాలకులు,u1-c04-decline,Decline,పతనం,direct,u1-c04-decline,5,0,0,0,
ap-history-taxonomy-v1,1,4,u1-c04-satavahanas,Satavahanas,శాతవాహనులు,u1-c04-administration,Administration,పరిపాలన,పరిపాలన,u1-c04-administration,Administration,పరిపాలన,direct,u1-c04-administration,0,0,0,0,
ap-history-taxonomy-v1,1,4,u1-c04-satavahanas,Satavahanas,శాతవాహనులు,u1-c04-society-economy,"Society, economy and trade","సమాజం, ఆర్థిక వ్యవస్థ మరియు వాణిజ్యం","సమాజం, ఆర్థిక వ్యవస్థ మరియు వాణిజ్యం",u1-c04-society,Society,సమాజం,direct,u1-c04-society,1,0,1,0,
ap-history-taxonomy-v1,1,4,u1-c04-satavahanas,Satavahanas,శాతవాహనులు,u1-c04-society-economy,"Society, economy and trade","సమాజం, ఆర్థిక వ్యవస్థ మరియు వాణిజ్యం","సమాజం, ఆర్థిక వ్యవస్థ మరియు వాణిజ్యం",u1-c04-economy-trade,"Economy, agriculture, guilds and trade (including Indo-Roman trade)","ఆర్థిక వ్యవస్థ, వ్యవసాయం, వర్తక శ్రేణులు మరియు వాణిజ్యం (ఇండో-రోమన్ వాణిజ్యంతో సహా)",direct,u1-c04-economy-trade,1,0,0,1,
ap-history-taxonomy-v1,1,4,u1-c04-satavahanas,Satavahanas,శాతవాహనులు,u1-c04-religion,Religion,మతం,మతం,u1-c04-religion,Religion,మతం,direct,u1-c04-religion,1,0,1,0,
ap-history-taxonomy-v1,1,4,u1-c04-satavahanas,Satavahanas,శాతవాహనులు,u1-c04-literature,Literature,సాహిత్యం,సాహిత్యం,u1-c04-literature,Prakrit and literature,ప్రాకృతం మరియు సాహిత్యం,direct,u1-c04-literature,0,1,0,1,
ap-history-taxonomy-v1,1,4,u1-c04-satavahanas,Satavahanas,శాతవాహనులు,u1-c04-art-architecture,Art and architecture,కళ మరియు వాస్తుశిల్పం,కళ మరియు వాస్తుశిల్పం,u1-c04-art-architecture,Amaravati art and architecture,అమరావతి కళ మరియు వాస్తుశిల్పం,direct,u1-c04-art-architecture,1,0,1,0,
ap-history-taxonomy-v1,1,4,u1-c04-satavahanas,Satavahanas,శాతవాహనులు,u1-c04-coins-inscriptions,Coins and inscriptions,నాణేలు మరియు శాసనాలు,నాణేలు మరియు శాసనాలు,u1-c04-coinage,Coinage,నాణేల వ్యవస్థ,direct,u1-c04-coinage,2,1,1,1,
ap-history-taxonomy-v1,1,4,u1-c04-satavahanas,Satavahanas,శాతవాహనులు,u1-c04-coins-inscriptions,Coins and inscriptions,నాణేలు మరియు శాసనాలు,నాణేలు మరియు శాసనాలు,u1-c04-inscriptions,Inscriptions,శాసనాలు,direct,u1-c04-inscriptions,2,1,1,1,
ap-history-taxonomy-v1,1,5,u1-c05-ikshvakus,Ikshvakus,ఇక్ష్వాకులు,u1-c05-origin-chronology,Origin and chronology,మూలం మరియు కాలక్రమం,మూలం మరియు కాలక్రమం,u1-c05-origin-chronology,Origin and chronology,మూలం మరియు కాలక్రమం,direct,u1-c05-origin-chronology,1,1,1,1,
ap-history-taxonomy-v1,1,5,u1-c05-ikshvakus,Ikshvakus,ఇక్ష్వాకులు,u1-c05-political-history,Political history and rulers,రాజకీయ చరిత్ర మరియు పాలకులు,రాజకీయ చరిత్ర మరియు పాలకులు,u1-c05-important-rulers,Important rulers,ముఖ్య పాలకులు,direct,u1-c05-important-rulers,6,0,5,0,
ap-history-taxonomy-v1,1,5,u1-c05-ikshvakus,Ikshvakus,ఇక్ష్వాకులు,u1-c05-political-history,Political history and rulers,రాజకీయ చరిత్ర మరియు పాలకులు,రాజకీయ చరిత్ర మరియు పాలకులు,u1-c05-decline,Decline,పతనం,direct,u1-c05-decline,6,0,1,1,
ap-history-taxonomy-v1,1,5,u1-c05-ikshvakus,Ikshvakus,ఇక్ష్వాకులు,u1-c05-vijayapuri-nagarjunakonda,Vijayapuri and Nagarjunakonda,విజయపురి మరియు నాగార్జునకొండ,విజయపురి మరియు నాగార్జునకొండ,u1-c05-vijayapuri-nagarjunakonda,Vijayapuri and Nagarjunakonda,విజయపురి మరియు నాగార్జునకొండ,direct,u1-c05-vijayapuri-nagarjunakonda,2,1,2,1,
ap-history-taxonomy-v1,1,5,u1-c05-ikshvakus,Ikshvakus,ఇక్ష్వాకులు,u1-c05-administration,Administration,పరిపాలన,పరిపాలన,u1-c05-administration,Administration,పరిపాలన,direct,u1-c05-administration,1,0,1,0,
ap-history-taxonomy-v1,1,5,u1-c05-ikshvakus,Ikshvakus,ఇక్ష్వాకులు,u1-c05-society-royal-women,"Society, economy and royal women","సమాజం, ఆర్థిక స్థితి మరియు రాజస్త్రీలు","సమాజం, ఆర్థిక స్థితి మరియు రాజస్త్రీలు",u1-c05-socio-economic-conditions,Socio-economic conditions,సామాజిక-ఆర్థిక పరిస్థితులు,direct,u1-c05-socio-economic-conditions,2,0,1,0,
ap-history-taxonomy-v1,1,5,u1-c05-ikshvakus,Ikshvakus,ఇక్ష్వాకులు,u1-c05-society-royal-women,"Society, economy and royal women","సమాజం, ఆర్థిక స్థితి మరియు రాజస్త్రీలు","సమాజం, ఆర్థిక స్థితి మరియు రాజస్త్రీలు",u1-c05-royal-women,Royal women,రాజవంశ స్త్రీలు,direct,u1-c05-royal-women,2,0,1,0,narrow;note_driven
ap-history-taxonomy-v1,1,5,u1-c05-ikshvakus,Ikshvakus,ఇక్ష్వాకులు,u1-c05-religion,Religion: Buddhism and Brahmanism,మతం: బౌద్ధం మరియు బ్రాహ్మణ మతం,మతం: బౌద్ధం మరియు బ్రాహ్మణ మతం,u1-c05-buddhism,Buddhism,బౌద్ధమతం,direct,u1-c05-buddhism,1,3,1,2,overlap
ap-history-taxonomy-v1,1,5,u1-c05-ikshvakus,Ikshvakus,ఇక్ష్వాకులు,u1-c05-religion,Religion: Buddhism and Brahmanism,మతం: బౌద్ధం మరియు బ్రాహ్మణ మతం,మతం: బౌద్ధం మరియు బ్రాహ్మణ మతం,u1-c05-brahmanism,Brahmanism,బ్రాహ్మణ మతం,direct,u1-c05-brahmanism,1,3,0,2,
ap-history-taxonomy-v1,1,5,u1-c05-ikshvakus,Ikshvakus,ఇక్ష్వాకులు,u1-c05-literature-education,Literature and education,సాహిత్యం మరియు విద్య,సాహిత్యం మరియు విద్య,u1-c05-literature-education,Literature and education,సాహిత్యం మరియు విద్య,direct,u1-c05-literature-education,0,0,0,0,
ap-history-taxonomy-v1,1,5,u1-c05-ikshvakus,Ikshvakus,ఇక్ష్వాకులు,u1-c05-art-architecture,Art and architecture,కళ మరియు వాస్తుశిల్పం,కళ మరియు వాస్తుశిల్పం,u1-c05-art-architecture,Art and architecture,కళ మరియు వాస్తుశిల్పం,direct,u1-c05-art-architecture,2,0,2,0,
ap-history-taxonomy-v1,1,5,u1-c05-ikshvakus,Ikshvakus,ఇక్ష్వాకులు,u1-c05-inscriptions,Inscriptions,శాసనాలు,శాసనాలు,u1-c05-inscriptions,Inscriptions,శాసనాలు,direct,u1-c05-inscriptions,1,1,1,1,
ap-history-taxonomy-v1,1,6,u1-c06-post-ikshvaku-minor-dynasties,Post-Ikshvaku Minor Dynasties,ఇక్ష్వాకుల అనంతరం చిన్న రాజవంశాలు,u1-c06-early-dynasties,Brihatphalayanas and Ananda Gotrikas,బృహత్‌ఫలాయనులు మరియు ఆనంద గోత్రికులు,బృహత్ఫలాయనులు మరియు ఆనంద గోత్రికులు,u1-c06-brihatphalayanas,Brihatphalayanas,బృహత్‌ఫలాయనులు,direct,u1-c06-brihatphalayanas,2,1,1,0,
ap-history-taxonomy-v1,1,6,u1-c06-post-ikshvaku-minor-dynasties,Post-Ikshvaku Minor Dynasties,ఇక్ష్వాకుల అనంతరం చిన్న రాజవంశాలు,u1-c06-early-dynasties,Brihatphalayanas and Ananda Gotrikas,బృహత్‌ఫలాయనులు మరియు ఆనంద గోత్రికులు,బృహత్ఫలాయనులు మరియు ఆనంద గోత్రికులు,u1-c06-ananda-gotrikas,Ananda Gotrikas,ఆనంద గోత్రికులు,direct,u1-c06-ananda-gotrikas,2,1,1,1,
ap-history-taxonomy-v1,1,6,u1-c06-post-ikshvaku-minor-dynasties,Post-Ikshvaku Minor Dynasties,ఇక్ష్వాకుల అనంతరం చిన్న రాజవంశాలు,u1-c06-salankayanas,Salankayanas,శాలంకాయనులు,శాలంకాయనులు,u1-c06-salankayanas,Salankayanas,శాలంకాయనులు,direct,u1-c06-salankayanas,4,1,4,1,
ap-history-taxonomy-v1,1,6,u1-c06-post-ikshvaku-minor-dynasties,Post-Ikshvaku Minor Dynasties,ఇక్ష్వాకుల అనంతరం చిన్న రాజవంశాలు,u1-c06-pallava-other-dynasties,Pallava influence and other transitional dynasties,పల్లవ ప్రభావం మరియు ఇతర సంధి కాల రాజవంశాలు,పల్లవ ప్రభావం మరియు ఇతర సంధి కాల రాజవంశాలు,u1-c06-pallava-influence,Pallava influence,పల్లవుల ప్రభావం,direct,u1-c06-pallava-influence,0,0,0,0,no_source
ap-history-taxonomy-v1,1,6,u1-c06-post-ikshvaku-minor-dynasties,Post-Ikshvaku Minor Dynasties,ఇక్ష్వాకుల అనంతరం చిన్న రాజవంశాలు,u1-c06-pallava-other-dynasties,Pallava influence and other transitional dynasties,పల్లవ ప్రభావం మరియు ఇతర సంధి కాల రాజవంశాలు,పల్లవ ప్రభావం మరియు ఇతర సంధి కాల రాజవంశాలు,u1-c06-other-transitional-dynasties,Other transitional dynasties,ఇతర పరివర్తన రాజవంశాలు,direct,u1-c06-other-transitional-dynasties,0,0,0,0,no_source;overlap
ap-history-taxonomy-v1,1,6,u1-c06-post-ikshvaku-minor-dynasties,Post-Ikshvaku Minor Dynasties,ఇక్ష్వాకుల అనంతరం చిన్న రాజవంశాలు,u1-c06-political-conditions,Political conditions of the period,ఆ కాలపు రాజకీయ పరిస్థితులు,ఆ కాలపు రాజకీయ పరిస్థితులు,u1-c06-political-conditions,Political conditions,రాజకీయ పరిస్థితులు,direct,u1-c06-political-conditions,1,1,1,1,
ap-history-taxonomy-v1,1,6,u1-c06-post-ikshvaku-minor-dynasties,Post-Ikshvaku Minor Dynasties,ఇక్ష్వాకుల అనంతరం చిన్న రాజవంశాలు,u1-c06-society-economy,Society and economy,సమాజం మరియు ఆర్థిక వ్యవస్థ,సమాజం మరియు ఆర్థిక వ్యవస్థ,u1-c06-society-economy,Society and economy,సమాజం మరియు ఆర్థిక వ్యవస్థ,direct,u1-c06-society-economy,0,0,0,0,no_source
ap-history-taxonomy-v1,1,6,u1-c06-post-ikshvaku-minor-dynasties,Post-Ikshvaku Minor Dynasties,ఇక్ష్వాకుల అనంతరం చిన్న రాజవంశాలు,u1-c06-religion,Religion,మతం,మతం,u1-c06-religion,Religion,మతం,direct,u1-c06-religion,3,0,3,0,
ap-history-taxonomy-v1,1,6,u1-c06-post-ikshvaku-minor-dynasties,Post-Ikshvaku Minor Dynasties,ఇక్ష్వాకుల అనంతరం చిన్న రాజవంశాలు,u1-c06-art-inscriptions,"Art, architecture and inscriptions","కళ, వాస్తుశిల్పం మరియు శాసనాలు","కళ, వాస్తుశిల్పం మరియు శాసనాలు",u1-c06-art-architecture,Art and architecture,కళ మరియు వాస్తుశిల్పం,direct,u1-c06-art-architecture,2,0,1,0,
ap-history-taxonomy-v1,1,6,u1-c06-post-ikshvaku-minor-dynasties,Post-Ikshvaku Minor Dynasties,ఇక్ష్వాకుల అనంతరం చిన్న రాజవంశాలు,u1-c06-art-inscriptions,"Art, architecture and inscriptions","కళ, వాస్తుశిల్పం మరియు శాసనాలు","కళ, వాస్తుశిల్పం మరియు శాసనాలు",u1-c06-inscriptions,Inscriptions,శాసనాలు,direct,u1-c06-inscriptions,2,0,1,0,
ap-history-taxonomy-v1,1,7,u1-c07-vishnukundins,Vishnukundins,విష్ణుకుండినులు,u1-c07-origin-chronology,Origin and chronology,మూలం మరియు కాలక్రమం,మూలం మరియు కాలక్రమం,u1-c07-origin-chronology,Origin and chronology,మూలం మరియు కాలక్రమం,direct,u1-c07-origin-chronology,2,2,2,2,
ap-history-taxonomy-v1,1,7,u1-c07-vishnukundins,Vishnukundins,విష్ణుకుండినులు,u1-c07-political-history,"Political history, rulers and decline","రాజకీయ చరిత్ర, పాలకులు మరియు పతనం","రాజకీయ చరిత్ర, పాలకులు మరియు పతనం",u1-c07-important-rulers,Important rulers,ముఖ్య పాలకులు,direct,u1-c07-important-rulers,7,0,3,1,
ap-history-taxonomy-v1,1,7,u1-c07-vishnukundins,Vishnukundins,విష్ణుకుండినులు,u1-c07-political-history,"Political history, rulers and decline","రాజకీయ చరిత్ర, పాలకులు మరియు పతనం","రాజకీయ చరిత్ర, పాలకులు మరియు పతనం",u1-c07-political-expansion,Political expansion,రాజకీయ విస్తరణ,direct,u1-c07-political-expansion,7,0,2,1,
ap-history-taxonomy-v1,1,7,u1-c07-vishnukundins,Vishnukundins,విష్ణుకుండినులు,u1-c07-political-history,"Political history, rulers and decline","రాజకీయ చరిత్ర, పాలకులు మరియు పతనం","రాజకీయ చరిత్ర, పాలకులు మరియు పతనం",u1-c07-decline,Decline,పతనం,direct,u1-c07-decline,7,0,2,0,
ap-history-taxonomy-v1,1,7,u1-c07-vishnukundins,Vishnukundins,విష్ణుకుండినులు,u1-c07-administration-society,"Administration, society and economy","పరిపాలన, సమాజం మరియు ఆర్థిక వ్యవస్థ","పరిపాలన, సమాజం మరియు ఆర్థిక వ్యవస్థ",u1-c07-administration,Administration,పరిపాలన,direct,u1-c07-administration,0,0,0,0,
ap-history-taxonomy-v1,1,7,u1-c07-vishnukundins,Vishnukundins,విష్ణుకుండినులు,u1-c07-administration-society,"Administration, society and economy","పరిపాలన, సమాజం మరియు ఆర్థిక వ్యవస్థ","పరిపాలన, సమాజం మరియు ఆర్థిక వ్యవస్థ",u1-c07-society-economy,Society and economy,సమాజం మరియు ఆర్థిక వ్యవస్థ,direct,u1-c07-society-economy,0,0,0,0,
ap-history-taxonomy-v1,1,7,u1-c07-vishnukundins,Vishnukundins,విష్ణుకుండినులు,u1-c07-religion,Religion,మతం,మతం,u1-c07-religion,Religion,మతం,direct,u1-c07-religion,1,0,1,0,
ap-history-taxonomy-v1,1,7,u1-c07-vishnukundins,Vishnukundins,విష్ణుకుండినులు,u1-c07-language-literature,Sanskrit and Telugu development,సంస్కృత మరియు తెలుగు వికాసం,సంస్కృత మరియు తెలుగు వికాసం,u1-c07-sanskrit-telugu-development,Sanskrit and Telugu development,సంస్కృతం మరియు తెలుగు వికాసం,direct,u1-c07-sanskrit-telugu-development,1,1,1,1,note_driven;telugu_review
ap-history-taxonomy-v1,1,7,u1-c07-vishnukundins,Vishnukundins,విష్ణుకుండినులు,u1-c07-cave-temple-architecture,Cave-temple art and architecture,గుహాలయ కళ మరియు వాస్తుశిల్పం,గుహాలయ కళ మరియు వాస్తుశిల్పం,u1-c07-cave-temple-architecture,Cave and temple architecture,గుహలు మరియు దేవాలయ వాస్తుశిల్పం,direct,u1-c07-cave-temple-architecture,2,0,2,0,overlap
ap-history-taxonomy-v1,1,7,u1-c07-vishnukundins,Vishnukundins,విష్ణుకుండినులు,u1-c07-coins-inscriptions,Coins and inscriptions,నాణేలు మరియు శాసనాలు,నాణేలు మరియు శాసనాలు,u1-c07-coins,Coins,నాణేలు,direct,u1-c07-coins,3,1,1,0,
ap-history-taxonomy-v1,1,7,u1-c07-vishnukundins,Vishnukundins,విష్ణుకుండినులు,u1-c07-coins-inscriptions,Coins and inscriptions,నాణేలు మరియు శాసనాలు,నాణేలు మరియు శాసనాలు,u1-c07-inscriptions,Inscriptions,శాసనాలు,direct,u1-c07-inscriptions,3,1,2,1,
ap-history-taxonomy-v1,1,8,u1-c08-eastern-chalukyas-andhra-cholas,Eastern Chalukyas of Vengi and Andhra Cholas,వేంగి తూర్పు చాళుక్యులు మరియు ఆంధ్ర చోళులు,u1-c08-vengi-foundation,Foundation of the Vengi Chalukya kingdom,వేంగి చాళుక్య రాజ్య స్థాపన,వేంగి చాళుక్య రాజ్య స్థాపన,u1-c08-vengi-foundation,Foundation of the Vengi kingdom,వేంగి రాజ్య స్థాపన,direct,u1-c08-vengi-foundation,2,3,2,3,
ap-history-taxonomy-v1,1,8,u1-c08-eastern-chalukyas-andhra-cholas,Eastern Chalukyas of Vengi and Andhra Cholas,వేంగి తూర్పు చాళుక్యులు మరియు ఆంధ్ర చోళులు,u1-c08-political-history,"Political history, chronology and rulers","రాజకీయ చరిత్ర, కాలక్రమం మరియు పాలకులు","రాజకీయ చరిత్ర, కాలక్రమం మరియు పాలకులు",u1-c08-political-chronology,Political chronology,రాజకీయ కాలక్రమం,direct,u1-c08-political-chronology,9,0,1,0,
ap-history-taxonomy-v1,1,8,u1-c08-eastern-chalukyas-andhra-cholas,Eastern Chalukyas of Vengi and Andhra Cholas,వేంగి తూర్పు చాళుక్యులు మరియు ఆంధ్ర చోళులు,u1-c08-political-history,"Political history, chronology and rulers","రాజకీయ చరిత్ర, కాలక్రమం మరియు పాలకులు","రాజకీయ చరిత్ర, కాలక్రమం మరియు పాలకులు",u1-c08-important-rulers,Important rulers,ముఖ్య పాలకులు,direct,u1-c08-important-rulers,9,0,7,0,overlap
ap-history-taxonomy-v1,1,8,u1-c08-eastern-chalukyas-andhra-cholas,Eastern Chalukyas of Vengi and Andhra Cholas,వేంగి తూర్పు చాళుక్యులు మరియు ఆంధ్ర చోళులు,u1-c08-political-history,"Political history, chronology and rulers","రాజకీయ చరిత్ర, కాలక్రమం మరియు పాలకులు","రాజకీయ చరిత్ర, కాలక్రమం మరియు పాలకులు",u1-c08-decline-transition,Decline and transition,పతనం మరియు పరివర్తన,direct,u1-c08-decline-transition,9,0,1,0,
ap-history-taxonomy-v1,1,8,u1-c08-eastern-chalukyas-andhra-cholas,Eastern Chalukyas of Vengi and Andhra Cholas,వేంగి తూర్పు చాళుక్యులు మరియు ఆంధ్ర చోళులు,u1-c08-chola-chalukya-relations,Chola–Chalukya relations,చోళ–చాళుక్య సంబంధాలు,చోళ–చాళుక్య సంబంధాలు,u1-c08-chola-chalukya-relations,Chola–Chalukya relations and the Chalukya-Chola period,చోళ–చాళుక్య సంబంధాలు మరియు చాళుక్య-చోళ యుగం,direct,u1-c08-chola-chalukya-relations,1,0,1,0,note_driven
ap-history-taxonomy-v1,1,8,u1-c08-eastern-chalukyas-andhra-cholas,Eastern Chalukyas of Vengi and Andhra Cholas,వేంగి తూర్పు చాళుక్యులు మరియు ఆంధ్ర చోళులు,u1-c08-administration-society-economy,"Administration, society and economy","పరిపాలన, సమాజం మరియు ఆర్థిక వ్యవస్థ","పరిపాలన, సమాజం మరియు ఆర్థిక వ్యవస్థ",u1-c08-administration,Administration,పరిపాలన,direct,u1-c08-administration,0,1,0,1,
ap-history-taxonomy-v1,1,8,u1-c08-eastern-chalukyas-andhra-cholas,Eastern Chalukyas of Vengi and Andhra Cholas,వేంగి తూర్పు చాళుక్యులు మరియు ఆంధ్ర చోళులు,u1-c08-administration-society-economy,"Administration, society and economy","పరిపాలన, సమాజం మరియు ఆర్థిక వ్యవస్థ","పరిపాలన, సమాజం మరియు ఆర్థిక వ్యవస్థ",u1-c08-society-economy,Society and economy,సమాజం మరియు ఆర్థిక వ్యవస్థ,direct,u1-c08-society-economy,0,1,0,0,
ap-history-taxonomy-v1,1,8,u1-c08-eastern-chalukyas-andhra-cholas,Eastern Chalukyas of Vengi and Andhra Cholas,వేంగి తూర్పు చాళుక్యులు మరియు ఆంధ్ర చోళులు,u1-c08-religion,Religion,మతం,మతం,u1-c08-religion,Religion,మతం,direct,u1-c08-religion,1,1,1,1,
ap-history-taxonomy-v1,1,8,u1-c08-eastern-chalukyas-andhra-cholas,Eastern Chalukyas of Vengi and Andhra Cholas,వేంగి తూర్పు చాళుక్యులు మరియు ఆంధ్ర చోళులు,u1-c08-telugu-literature,Telugu literature: Nannaya and the Andhra Mahabharata,తెలుగు సాహిత్యం: నన్నయ మరియు ఆంధ్ర మహాభారతం,తెలుగు సాహిత్యం: నన్నయ మరియు ఆంధ్ర మహాభారతం,u1-c08-telugu-nannaya-literature,Growth of Telugu; Nannaya and early Telugu literature,తెలుగు వికాసం; నన్నయ మరియు తొలి తెలుగు సాహిత్యం,direct,u1-c08-telugu-nannaya-literature,1,1,1,1,
ap-history-taxonomy-v1,1,8,u1-c08-eastern-chalukyas-andhra-cholas,Eastern Chalukyas of Vengi and Andhra Cholas,వేంగి తూర్పు చాళుక్యులు మరియు ఆంధ్ర చోళులు,u1-c08-art-architecture,Art and architecture (including Pancharamas),కళ మరియు వాస్తుశిల్పం (పంచారామాలతో సహా),కళ మరియు వాస్తుశిల్పం (పంచారామాలతో సహా),u1-c08-art-architecture,Art and architecture,కళ మరియు వాస్తుశిల్పం,direct,u1-c08-art-architecture,2,1,1,0,overlap
ap-history-taxonomy-v1,1,8,u1-c08-eastern-chalukyas-andhra-cholas,Eastern Chalukyas of Vengi and Andhra Cholas,వేంగి తూర్పు చాళుక్యులు మరియు ఆంధ్ర చోళులు,u1-c08-art-architecture,Art and architecture (including Pancharamas),కళ మరియు వాస్తుశిల్పం (పంచారామాలతో సహా),కళ మరియు వాస్తుశిల్పం (పంచారామాలతో సహా),u1-c08-temples-pancharamas,Temples and Pancharamas,దేవాలయాలు మరియు పంచారామాలు,direct,u1-c08-temples-pancharamas,2,1,1,2,narrow;overlap
ap-history-taxonomy-v1,1,8,u1-c08-eastern-chalukyas-andhra-cholas,Eastern Chalukyas of Vengi and Andhra Cholas,వేంగి తూర్పు చాళుక్యులు మరియు ఆంధ్ర చోళులు,u1-c08-telugu-chodas-palnadu,Telugu Chodas and the Palnadu war,తెలుగు చోడులు మరియు పల్నాటి యుద్ధం,తెలుగు చోడులు మరియు పల్నాటి యుద్ధం,u1-c08-velanati-chodas,Velanati Chodas,వెలనాటి చోడులు,direct,u1-c08-velanati-chodas,0,1,0,1,no_source
ap-history-taxonomy-v1,1,8,u1-c08-eastern-chalukyas-andhra-cholas,Eastern Chalukyas of Vengi and Andhra Cholas,వేంగి తూర్పు చాళుక్యులు మరియు ఆంధ్ర చోళులు,u1-c08-telugu-chodas-palnadu,Telugu Chodas and the Palnadu war,తెలుగు చోడులు మరియు పల్నాటి యుద్ధం,తెలుగు చోడులు మరియు పల్నాటి యుద్ధం,u1-c08-nellore-telugu-chodas,Nellore Telugu Chodas,నెల్లూరు తెలుగు చోడులు,direct,u1-c08-nellore-telugu-chodas,0,1,0,0,no_source
ap-history-taxonomy-v1,1,8,u1-c08-eastern-chalukyas-andhra-cholas,Eastern Chalukyas of Vengi and Andhra Cholas,వేంగి తూర్పు చాళుక్యులు మరియు ఆంధ్ర చోళులు,u1-c08-telugu-chodas-palnadu,Telugu Chodas and the Palnadu war,తెలుగు చోడులు మరియు పల్నాటి యుద్ధం,తెలుగు చోడులు మరియు పల్నాటి యుద్ధం,u1-c08-palnadu-war,Palnadu War,పల్నాటి యుద్ధం,direct,u1-c08-palnadu-war,0,1,0,0,no_source;narrow
ap-history-taxonomy-v1,1,8,u1-c08-eastern-chalukyas-andhra-cholas,Eastern Chalukyas of Vengi and Andhra Cholas,వేంగి తూర్పు చాళుక్యులు మరియు ఆంధ్ర చోళులు,u1-c08-inscriptions,Inscriptions,శాసనాలు,శాసనాలు,u1-c08-inscriptions,Inscriptions,శాసనాలు,direct,u1-c08-inscriptions,0,1,0,1,
ap-history-taxonomy-v1,2,9,u2-c09-kakatiyas,Kakatiyas,కాకతీయులు,u2-c09-political-history,Political history and rulers,రాజకీయ చరిత్ర మరియు పాలకులు,రాజకీయ చరిత్ర మరియు పాలకులు,u2-c09-origin-early-rulers,Origin and early rulers,మూలం మరియు తొలి పాలకులు,direct,u2-c09-origin-early-rulers,7,0,1,0,overlap
ap-history-taxonomy-v1,2,9,u2-c09-kakatiyas,Kakatiyas,కాకతీయులు,u2-c09-political-history,Political history and rulers,రాజకీయ చరిత్ర మరియు పాలకులు,రాజకీయ చరిత్ర మరియు పాలకులు,u2-c09-rudradeva,Rudradeva,రుద్రదేవుడు,direct,u2-c09-rudradeva,7,0,1,0,narrow
ap-history-taxonomy-v1,2,9,u2-c09-kakatiyas,Kakatiyas,కాకతీయులు,u2-c09-political-history,Political history and rulers,రాజకీయ చరిత్ర మరియు పాలకులు,రాజకీయ చరిత్ర మరియు పాలకులు,u2-c09-mahadeva,Mahadeva,మహాదేవుడు,direct,u2-c09-mahadeva,7,0,1,0,narrow
ap-history-taxonomy-v1,2,9,u2-c09-kakatiyas,Kakatiyas,కాకతీయులు,u2-c09-political-history,Political history and rulers,రాజకీయ చరిత్ర మరియు పాలకులు,రాజకీయ చరిత్ర మరియు పాలకులు,u2-c09-ganapatideva,Ganapatideva,గణపతిదేవుడు,direct,u2-c09-ganapatideva,7,0,1,0,narrow
ap-history-taxonomy-v1,2,9,u2-c09-kakatiyas,Kakatiyas,కాకతీయులు,u2-c09-political-history,Political history and rulers,రాజకీయ చరిత్ర మరియు పాలకులు,రాజకీయ చరిత్ర మరియు పాలకులు,u2-c09-rudramadevi,Rudramadevi,రుద్రమదేవి,direct,u2-c09-rudramadevi,7,0,1,0,narrow
ap-history-taxonomy-v1,2,9,u2-c09-kakatiyas,Kakatiyas,కాకతీయులు,u2-c09-political-history,Political history and rulers,రాజకీయ చరిత్ర మరియు పాలకులు,రాజకీయ చరిత్ర మరియు పాలకులు,u2-c09-prataparudra,Prataparudra,ప్రతాపరుద్రుడు,direct,u2-c09-prataparudra,7,0,1,0,narrow
ap-history-taxonomy-v1,2,9,u2-c09-kakatiyas,Kakatiyas,కాకతీయులు,u2-c09-political-history,Political history and rulers,రాజకీయ చరిత్ర మరియు పాలకులు,రాజకీయ చరిత్ర మరియు పాలకులు,u2-c09-political-expansion,Political expansion,రాజకీయ విస్తరణ,direct,u2-c09-political-expansion,7,0,1,0,overlap
ap-history-taxonomy-v1,2,9,u2-c09-kakatiyas,Kakatiyas,కాకతీయులు,u2-c09-invasions-decline,Delhi Sultanate invasions and decline,ఢిల్లీ సుల్తానుల దండయాత్రలు మరియు పతనం,ఢిల్లీ సుల్తానుల దండయాత్రలు మరియు పతనం,u2-c09-delhi-sultanate-invasions,Delhi Sultanate invasions,ఢిల్లీ సుల్తానుల దండయాత్రలు,direct,u2-c09-delhi-sultanate-invasions,1,1,1,1,
ap-history-taxonomy-v1,2,9,u2-c09-kakatiyas,Kakatiyas,కాకతీయులు,u2-c09-invasions-decline,Delhi Sultanate invasions and decline,ఢిల్లీ సుల్తానుల దండయాత్రలు మరియు పతనం,ఢిల్లీ సుల్తానుల దండయాత్రలు మరియు పతనం,u2-c09-decline,Decline,పతనం,direct,u2-c09-decline,1,1,0,1,
ap-history-taxonomy-v1,2,9,u2-c09-kakatiyas,Kakatiyas,కాకతీయులు,u2-c09-administration,Administration (Nayankara system),పరిపాలన (నాయంకర వ్యవస్థ),పరిపాలన (నాయంకర వ్యవస్థ),u2-c09-administration-nayankara,Administration and the Nayankara system,పరిపాలన మరియు నాయంకర వ్యవస్థ,direct,u2-c09-administration-nayankara,1,0,1,0,
ap-history-taxonomy-v1,2,9,u2-c09-kakatiyas,Kakatiyas,కాకతీయులు,u2-c09-economy,"Economy: irrigation, agriculture, crafts and trade","ఆర్థిక వ్యవస్థ: నీటిపారుదల, వ్యవసాయం, చేతిపనులు మరియు వాణిజ్యం","ఆర్థిక వ్యవస్థ: నీటిపారుదల, వ్యవసాయం, చేతిపనులు మరియు వాణిజ్యం",u2-c09-irrigation-agriculture,Irrigation and agriculture,నీటిపారుదల మరియు వ్యవసాయం,direct,u2-c09-irrigation-agriculture,1,0,0,1,
ap-history-taxonomy-v1,2,9,u2-c09-kakatiyas,Kakatiyas,కాకతీయులు,u2-c09-economy,"Economy: irrigation, agriculture, crafts and trade","ఆర్థిక వ్యవస్థ: నీటిపారుదల, వ్యవసాయం, చేతిపనులు మరియు వాణిజ్యం","ఆర్థిక వ్యవస్థ: నీటిపారుదల, వ్యవసాయం, చేతిపనులు మరియు వాణిజ్యం",u2-c09-crafts-trade-motupalli,"Crafts, trade and Motupalli","చేతివృత్తులు, వాణిజ్యం మరియు మోటుపల్లి",direct,u2-c09-crafts-trade-motupalli,1,0,1,0,note_driven
ap-history-taxonomy-v1,2,9,u2-c09-kakatiyas,Kakatiyas,కాకతీయులు,u2-c09-society,Society,సమాజం,సమాజం,u2-c09-society,Society,సమాజం,direct,u2-c09-society,0,1,0,1,
ap-history-taxonomy-v1,2,9,u2-c09-kakatiyas,Kakatiyas,కాకతీయులు,u2-c09-religion,Religion,మతం,మతం,u2-c09-religion,Religion,మతం,direct,u2-c09-religion,1,0,1,0,
ap-history-taxonomy-v1,2,9,u2-c09-kakatiyas,Kakatiyas,కాకతీయులు,u2-c09-telugu-literature,Telugu literature,తెలుగు సాహిత్యం,తెలుగు సాహిత్యం,u2-c09-telugu-literature,Telugu literature,తెలుగు సాహిత్యం,direct,u2-c09-telugu-literature,1,0,1,0,
ap-history-taxonomy-v1,2,9,u2-c09-kakatiyas,Kakatiyas,కాకతీయులు,u2-c09-dance-music,Dance and music,నృత్యం మరియు సంగీతం,నృత్యం మరియు సంగీతం,u2-c09-dance-music,Dance and music,నృత్యం మరియు సంగీతం,direct,u2-c09-dance-music,0,1,0,1,
ap-history-taxonomy-v1,2,9,u2-c09-kakatiyas,Kakatiyas,కాకతీయులు,u2-c09-art-architecture,Art and architecture,కళ మరియు వాస్తుశిల్పం,కళ మరియు వాస్తుశిల్పం,u2-c09-art-architecture,Art and architecture,కళ మరియు వాస్తుశిల్పం,direct,u2-c09-art-architecture,3,1,3,1,
ap-history-taxonomy-v1,2,10,u2-c10-musunuri-reddy-velama,"Musunuri Nayakas, Reddy Kingdoms and Velama Chiefs","ముసునూరి నాయకులు, రెడ్డి రాజ్యాలు మరియు వెలమ నాయకులు",u2-c10-musunuri-nayakas,Post-Kakatiya conditions and the Musunuri Nayakas,కాకతీయానంతర పరిస్థితులు మరియు ముసునూరి నాయకులు,కాకతీయానంతర పరిస్థితులు మరియు ముసునూరి నాయకులు,u2-c10-post-kakatiya-conditions,Post-Kakatiya political conditions,కాకతీయానంతర రాజకీయ పరిస్థితులు,direct,u2-c10-post-kakatiya-conditions,3,0,1,0,
ap-history-taxonomy-v1,2,10,u2-c10-musunuri-reddy-velama,"Musunuri Nayakas, Reddy Kingdoms and Velama Chiefs","ముసునూరి నాయకులు, రెడ్డి రాజ్యాలు మరియు వెలమ నాయకులు",u2-c10-musunuri-nayakas,Post-Kakatiya conditions and the Musunuri Nayakas,కాకతీయానంతర పరిస్థితులు మరియు ముసునూరి నాయకులు,కాకతీయానంతర పరిస్థితులు మరియు ముసునూరి నాయకులు,u2-c10-musunuri-nayakas,"Musunuri Prolaya Nayaka, Kapaya Nayaka and the liberation of Warangal","ముసునూరి ప్రోలయ నాయకుడు, కాపయ నాయకుడు మరియు ఓరుగల్లు విముక్తి",direct,u2-c10-musunuri-nayakas,3,0,2,0,
ap-history-taxonomy-v1,2,10,u2-c10-musunuri-reddy-velama,"Musunuri Nayakas, Reddy Kingdoms and Velama Chiefs","ముసునూరి నాయకులు, రెడ్డి రాజ్యాలు మరియు వెలమ నాయకులు",u2-c10-reddy-kingdoms,Reddy kingdoms (Kondavidu and Rajahmundry),రెడ్డి రాజ్యాలు (కొండవీడు మరియు రాజమహేంద్రవరం),రెడ్డి రాజ్యాలు (కొండవీడు మరియు రాజమహేంద్రవరం),u2-c10-kondavidu-reddys,Kondavidu Reddys,కొండవీడు రెడ్డిలు,direct,u2-c10-kondavidu-reddys,5,0,3,0,overlap
ap-history-taxonomy-v1,2,10,u2-c10-musunuri-reddy-velama,"Musunuri Nayakas, Reddy Kingdoms and Velama Chiefs","ముసునూరి నాయకులు, రెడ్డి రాజ్యాలు మరియు వెలమ నాయకులు",u2-c10-reddy-kingdoms,Reddy kingdoms (Kondavidu and Rajahmundry),రెడ్డి రాజ్యాలు (కొండవీడు మరియు రాజమహేంద్రవరం),రెడ్డి రాజ్యాలు (కొండవీడు మరియు రాజమహేంద్రవరం),u2-c10-rajahmundry-reddys,Rajahmundry Reddys,రాజమహేంద్రవరం రెడ్డిలు,direct,u2-c10-rajahmundry-reddys,5,0,2,0,
ap-history-taxonomy-v1,2,10,u2-c10-musunuri-reddy-velama,"Musunuri Nayakas, Reddy Kingdoms and Velama Chiefs","ముసునూరి నాయకులు, రెడ్డి రాజ్యాలు మరియు వెలమ నాయకులు",u2-c10-velamas-regional-conflicts,Recherla Velamas and regional conflicts,రేచర్ల వెలమలు మరియు ప్రాంతీయ సంఘర్షణలు,రేచర్ల వెలమలు మరియు ప్రాంతీయ సంఘర్షణలు,u2-c10-recharla-velamas,Recharla Velamas (Rachakonda and Devarakonda),రేచర్ల వెలమలు (రాచకొండ మరియు దేవరకొండ),direct,u2-c10-recharla-velamas,2,0,1,0,
ap-history-taxonomy-v1,2,10,u2-c10-musunuri-reddy-velama,"Musunuri Nayakas, Reddy Kingdoms and Velama Chiefs","ముసునూరి నాయకులు, రెడ్డి రాజ్యాలు మరియు వెలమ నాయకులు",u2-c10-velamas-regional-conflicts,Recherla Velamas and regional conflicts,రేచర్ల వెలమలు మరియు ప్రాంతీయ సంఘర్షణలు,రేచర్ల వెలమలు మరియు ప్రాంతీయ సంఘర్షణలు,u2-c10-regional-conflicts,Regional conflicts,ప్రాంతీయ సంఘర్షణలు,direct,u2-c10-regional-conflicts,2,0,1,0,overlap
ap-history-taxonomy-v1,2,10,u2-c10-musunuri-reddy-velama,"Musunuri Nayakas, Reddy Kingdoms and Velama Chiefs","ముసునూరి నాయకులు, రెడ్డి రాజ్యాలు మరియు వెలమ నాయకులు",u2-c10-administration,Administration,పరిపాలన,పరిపాలన,u2-c10-administration,Administration,పరిపాలన,direct,u2-c10-administration,1,0,1,0,
ap-history-taxonomy-v1,2,10,u2-c10-musunuri-reddy-velama,"Musunuri Nayakas, Reddy Kingdoms and Velama Chiefs","ముసునూరి నాయకులు, రెడ్డి రాజ్యాలు మరియు వెలమ నాయకులు",u2-c10-society-economy,Society and economy,సమాజం మరియు ఆర్థిక వ్యవస్థ,సమాజం మరియు ఆర్థిక వ్యవస్థ,u2-c10-society-economy,Society and economy,సమాజం మరియు ఆర్థిక వ్యవస్థ,direct,u2-c10-society-economy,0,2,0,2,
ap-history-taxonomy-v1,2,10,u2-c10-musunuri-reddy-velama,"Musunuri Nayakas, Reddy Kingdoms and Velama Chiefs","ముసునూరి నాయకులు, రెడ్డి రాజ్యాలు మరియు వెలమ నాయకులు",u2-c10-religion,Religion,మతం,మతం,u2-c10-religion,Religion,మతం,direct,u2-c10-religion,1,0,1,0,
ap-history-taxonomy-v1,2,10,u2-c10-musunuri-reddy-velama,"Musunuri Nayakas, Reddy Kingdoms and Velama Chiefs","ముసునూరి నాయకులు, రెడ్డి రాజ్యాలు మరియు వెలమ నాయకులు",u2-c10-telugu-literature,Telugu literature,తెలుగు సాహిత్యం,తెలుగు సాహిత్యం,u2-c10-telugu-literature,Telugu literature,తెలుగు సాహిత్యం,direct,u2-c10-telugu-literature,2,0,2,0,
ap-history-taxonomy-v1,2,10,u2-c10-musunuri-reddy-velama,"Musunuri Nayakas, Reddy Kingdoms and Velama Chiefs","ముసునూరి నాయకులు, రెడ్డి రాజ్యాలు మరియు వెలమ నాయకులు",u2-c10-art-architecture,Art and architecture,కళ మరియు వాస్తుశిల్పం,కళ మరియు వాస్తుశిల్పం,u2-c10-art-architecture,Art and architecture,కళ మరియు వాస్తుశిల్పం,direct,u2-c10-art-architecture,1,0,1,0,
ap-history-taxonomy-v1,2,11,u2-c11-vijayanagara-andhra,Vijayanagara and Andhra,విజయనగరం మరియు ఆంధ్ర,u2-c11-foundation-dynasties,Foundation and the four dynasties,స్థాపన మరియు నాలుగు వంశాలు,స్థాపన మరియు నాలుగు వంశాలు,u2-c11-foundation,Foundation,స్థాపన,direct,u2-c11-foundation,4,2,1,0,
ap-history-taxonomy-v1,2,11,u2-c11-vijayanagara-andhra,Vijayanagara and Andhra,విజయనగరం మరియు ఆంధ్ర,u2-c11-foundation-dynasties,Foundation and the four dynasties,స్థాపన మరియు నాలుగు వంశాలు,స్థాపన మరియు నాలుగు వంశాలు,u2-c11-four-dynasties,Four dynasties,నాలుగు రాజవంశాలు,direct,u2-c11-four-dynasties,4,2,3,2,overlap
ap-history-taxonomy-v1,2,11,u2-c11-vijayanagara-andhra,Vijayanagara and Andhra,విజయనగరం మరియు ఆంధ్ర,u2-c11-political-history,Political history and Andhra campaigns,రాజకీయ చరిత్ర మరియు ఆంధ్ర దండయాత్రలు,రాజకీయ చరిత్ర మరియు ఆంధ్ర దండయాత్రలు,u2-c11-important-rulers,Important rulers,ముఖ్య పాలకులు,direct,u2-c11-important-rulers,3,2,2,2,
ap-history-taxonomy-v1,2,11,u2-c11-vijayanagara-andhra,Vijayanagara and Andhra,విజయనగరం మరియు ఆంధ్ర,u2-c11-political-history,Political history and Andhra campaigns,రాజకీయ చరిత్ర మరియు ఆంధ్ర దండయాత్రలు,రాజకీయ చరిత్ర మరియు ఆంధ్ర దండయాత్రలు,u2-c11-andhra-campaigns-gajapati-bahmani,Andhra campaigns; Gajapati and Bahmani conflicts,ఆంధ్రలో సైనిక దండయాత్రలు; గజపతి మరియు బహమనీ సంఘర్షణలు,direct,u2-c11-andhra-campaigns-gajapati-bahmani,3,2,1,0,note_driven;overlap
ap-history-taxonomy-v1,2,11,u2-c11-vijayanagara-andhra,Vijayanagara and Andhra,విజయనగరం మరియు ఆంధ్ర,u2-c11-krishnadevaraya,Krishnadevaraya,శ్రీకృష్ణదేవరాయలు,శ్రీకృష్ణదేవరాయలు,u2-c11-krishnadevaraya,Sri Krishnadevaraya,శ్రీకృష్ణదేవరాయలు,direct,u2-c11-krishnadevaraya,1,1,1,1,
ap-history-taxonomy-v1,2,11,u2-c11-vijayanagara-andhra,Vijayanagara and Andhra,విజయనగరం మరియు ఆంధ్ర,u2-c11-talikota-decline,Battle of Talikota and decline,తళ్ళికోట యుద్ధం మరియు పతనం,తళ్ళికోట యుద్ధం మరియు పతనం,u2-c11-battle-of-talikota,Battle of Talikota,తళ్ళికోట యుద్ధం (Battle of Talikota),direct,u2-c11-battle-of-talikota,3,1,1,1,overlap
ap-history-taxonomy-v1,2,11,u2-c11-vijayanagara-andhra,Vijayanagara and Andhra,విజయనగరం మరియు ఆంధ్ర,u2-c11-talikota-decline,Battle of Talikota and decline,తళ్ళికోట యుద్ధం మరియు పతనం,తళ్ళికోట యుద్ధం మరియు పతనం,u2-c11-decline,Decline,పతనం,direct,u2-c11-decline,3,1,2,0,
ap-history-taxonomy-v1,2,11,u2-c11-vijayanagara-andhra,Vijayanagara and Andhra,విజయనగరం మరియు ఆంధ్ర,u2-c11-administration,Administration (Nayankara system),పరిపాలన (నాయంకర వ్యవస్థ),పరిపాలన (నాయంకర వ్యవస్థ),u2-c11-administration-nayankara,Administration and the Nayankara system,పరిపాలన మరియు నాయంకర వ్యవస్థ,direct,u2-c11-administration-nayankara,1,0,1,0,
ap-history-taxonomy-v1,2,11,u2-c11-vijayanagara-andhra,Vijayanagara and Andhra,విజయనగరం మరియు ఆంధ్ర,u2-c11-economy-society,"Economy, trade and society","ఆర్థిక వ్యవస్థ, వాణిజ్యం మరియు సమాజం","ఆర్థిక వ్యవస్థ, వాణిజ్యం మరియు సమాజం",u2-c11-economy-trade,Economy and trade,ఆర్థిక వ్యవస్థ మరియు వాణిజ్యం,direct,u2-c11-economy-trade,0,1,0,1,
ap-history-taxonomy-v1,2,11,u2-c11-vijayanagara-andhra,Vijayanagara and Andhra,విజయనగరం మరియు ఆంధ్ర,u2-c11-economy-society,"Economy, trade and society","ఆర్థిక వ్యవస్థ, వాణిజ్యం మరియు సమాజం","ఆర్థిక వ్యవస్థ, వాణిజ్యం మరియు సమాజం",u2-c11-society,Society,సమాజం,direct,u2-c11-society,0,1,0,0,
ap-history-taxonomy-v1,2,11,u2-c11-vijayanagara-andhra,Vijayanagara and Andhra,విజయనగరం మరియు ఆంధ్ర,u2-c11-religion,Religion,మతం,మతం,u2-c11-religion,Religion,మతం,direct,u2-c11-religion,1,0,1,0,
ap-history-taxonomy-v1,2,11,u2-c11-vijayanagara-andhra,Vijayanagara and Andhra,విజయనగరం మరియు ఆంధ్ర,u2-c11-telugu-literature,Telugu literature and the Ashtadiggajas,తెలుగు సాహిత్యం మరియు అష్టదిగ్గజాలు,తెలుగు సాహిత్యం మరియు అష్టదిగ్గజాలు,u2-c11-telugu-literature-ashtadiggajas,Telugu literature and the Ashtadiggajas,తెలుగు సాహిత్యం మరియు అష్టదిగ్గజాలు,direct,u2-c11-telugu-literature-ashtadiggajas,2,0,2,0,narrow
ap-history-taxonomy-v1,2,11,u2-c11-vijayanagara-andhra,Vijayanagara and Andhra,విజయనగరం మరియు ఆంధ్ర,u2-c11-art-architecture,Art and architecture,కళ మరియు వాస్తుశిల్పం,కళ మరియు వాస్తుశిల్పం,u2-c11-art-architecture,Art and architecture,కళ మరియు వాస్తుశిల్పం,direct,u2-c11-art-architecture,1,1,1,1,
ap-history-taxonomy-v1,2,12,u2-c12-gajapatis-bahmanis-regional-powers,"Gajapatis, Bahmanis and Other Regional Powers","గజపతులు, బహమనీలు మరియు ఇతర ప్రాంతీయ శక్తులు",u2-c12-gajapati-rule,Gajapati rule and influence,గజపతుల పాలన మరియు ప్రభావం,గజపతుల పాలన మరియు ప్రభావం,u2-c12-gajapati-rule-influence,Gajapati rule and influence in Andhra,ఆంధ్రలో గజపతుల పాలన మరియు ప్రభావం,direct,u2-c12-gajapati-rule-influence,0,2,0,2,overlap
ap-history-taxonomy-v1,2,12,u2-c12-gajapatis-bahmanis-regional-powers,"Gajapatis, Bahmanis and Other Regional Powers","గజపతులు, బహమనీలు మరియు ఇతర ప్రాంతీయ శక్తులు",u2-c12-bahmani-conflicts,Bahmani–Vijayanagara rivalry and coastal Andhra conflicts,బహమనీ–విజయనగర పోటీ మరియు కోస్తాంధ్ర సంఘర్షణలు,బహమనీ–విజయనగర పోటీ మరియు కోస్తాంధ్ర సంఘర్షణలు,u2-c12-bahmani-vijayanagara-rivalry,Bahmani–Vijayanagara rivalry,బహమనీ–విజయనగర వైరం,direct,u2-c12-bahmani-vijayanagara-rivalry,0,1,0,1,overlap
ap-history-taxonomy-v1,2,12,u2-c12-gajapatis-bahmanis-regional-powers,"Gajapatis, Bahmanis and Other Regional Powers","గజపతులు, బహమనీలు మరియు ఇతర ప్రాంతీయ శక్తులు",u2-c12-bahmani-conflicts,Bahmani–Vijayanagara rivalry and coastal Andhra conflicts,బహమనీ–విజయనగర పోటీ మరియు కోస్తాంధ్ర సంఘర్షణలు,బహమనీ–విజయనగర పోటీ మరియు కోస్తాంధ్ర సంఘర్షణలు,u2-c12-coastal-andhra-conflicts,Coastal Andhra conflicts,తీరాంధ్ర సంఘర్షణలు,direct,u2-c12-coastal-andhra-conflicts,0,1,0,0,no_source
ap-history-taxonomy-v1,2,12,u2-c12-gajapatis-bahmanis-regional-powers,"Gajapatis, Bahmanis and Other Regional Powers","గజపతులు, బహమనీలు మరియు ఇతర ప్రాంతీయ శక్తులు",u2-c12-minor-powers-forts,"Minor regional powers, forts and political centres","చిన్న ప్రాంతీయ శక్తులు, కోటలు మరియు రాజకీయ కేంద్రాలు","చిన్న ప్రాంతీయ శక్తులు, కోటలు మరియు రాజకీయ కేంద్రాలు",u2-c12-minor-regional-powers,Minor regional powers,చిన్న ప్రాంతీయ శక్తులు,direct,u2-c12-minor-regional-powers,0,0,0,0,no_source
ap-history-taxonomy-v1,2,12,u2-c12-gajapatis-bahmanis-regional-powers,"Gajapatis, Bahmanis and Other Regional Powers","గజపతులు, బహమనీలు మరియు ఇతర ప్రాంతీయ శక్తులు",u2-c12-minor-powers-forts,"Minor regional powers, forts and political centres","చిన్న ప్రాంతీయ శక్తులు, కోటలు మరియు రాజకీయ కేంద్రాలు","చిన్న ప్రాంతీయ శక్తులు, కోటలు మరియు రాజకీయ కేంద్రాలు",u2-c12-forts-political-centres,Forts and political centres,కోటలు మరియు రాజకీయ కేంద్రాలు,direct,u2-c12-forts-political-centres,0,0,0,0,no_source
ap-history-taxonomy-v1,2,12,u2-c12-gajapatis-bahmanis-regional-powers,"Gajapatis, Bahmanis and Other Regional Powers","గజపతులు, బహమనీలు మరియు ఇతర ప్రాంతీయ శక్తులు",u2-c12-socio-cultural-transition,Socio-cultural influence and political transition,సామాజిక–సాంస్కృతిక ప్రభావం మరియు రాజకీయ మార్పు,సామాజిక–సాంస్కృతిక ప్రభావం మరియు రాజకీయ మార్పు,u2-c12-socio-cultural-influence,Socio-cultural influence,సామాజిక-సాంస్కృతిక ప్రభావం,direct,u2-c12-socio-cultural-influence,0,0,0,0,no_source
ap-history-taxonomy-v1,2,12,u2-c12-gajapatis-bahmanis-regional-powers,"Gajapatis, Bahmanis and Other Regional Powers","గజపతులు, బహమనీలు మరియు ఇతర ప్రాంతీయ శక్తులు",u2-c12-socio-cultural-transition,Socio-cultural influence and political transition,సామాజిక–సాంస్కృతిక ప్రభావం మరియు రాజకీయ మార్పు,సామాజిక–సాంస్కృతిక ప్రభావం మరియు రాజకీయ మార్పు,u2-c12-political-transition,Political transition,రాజకీయ పరివర్తన,direct,u2-c12-political-transition,0,0,0,0,no_source
ap-history-taxonomy-v1,2,13,u2-c13-qutb-shahis,Qutb Shahis and Sixteenth-Century Andhra,కుతుబ్ షాహీలు మరియు పదహారో శతాబ్దపు ఆంధ్ర,u2-c13-establishment-rulers,Establishment and rulers,స్థాపన మరియు పాలకులు,స్థాపన మరియు పాలకులు,u2-c13-establishment,Establishment of Qutb Shahi power,కుతుబ్ షాహీ అధికార స్థాపన,direct,u2-c13-establishment,4,0,1,0,
ap-history-taxonomy-v1,2,13,u2-c13-qutb-shahis,Qutb Shahis and Sixteenth-Century Andhra,కుతుబ్ షాహీలు మరియు పదహారో శతాబ్దపు ఆంధ్ర,u2-c13-establishment-rulers,Establishment and rulers,స్థాపన మరియు పాలకులు,స్థాపన మరియు పాలకులు,u2-c13-sixteenth-century-rulers,Important sixteenth-century rulers,పదహారో శతాబ్దపు ముఖ్య పాలకులు,direct,u2-c13-sixteenth-century-rulers,4,0,3,0,
ap-history-taxonomy-v1,2,13,u2-c13-qutb-shahis,Qutb Shahis and Sixteenth-Century Andhra,కుతుబ్ షాహీలు మరియు పదహారో శతాబ్దపు ఆంధ్ర,u2-c13-establishment-rulers,Establishment and rulers,స్థాపన మరియు పాలకులు,స్థాపన మరియు పాలకులు,u2-c13-expansion-into-andhra,Expansion into Andhra,ఆంధ్రలో విస్తరణ,direct,u2-c13-expansion-into-andhra,4,0,0,0,no_source;overlap
ap-history-taxonomy-v1,2,13,u2-c13-qutb-shahis,Qutb Shahis and Sixteenth-Century Andhra,కుతుబ్ షాహీలు మరియు పదహారో శతాబ్దపు ఆంధ్ర,u2-c13-establishment-rulers,Establishment and rulers,స్థాపన మరియు పాలకులు,స్థాపన మరియు పాలకులు,u2-c13-post-1600-context,"Seventeenth-century rulers, Akkanna–Madanna, Mughal annexation (1687) — supporting context","పదిహేడో శతాబ్దపు పాలకులు, అక్కన్న–మాదన్న, మొఘల్ విలీనం (1687) — అనుబంధ సందర్భం",supplementary_context,,4,0,0,0,
ap-history-taxonomy-v1,2,13,u2-c13-qutb-shahis,Qutb Shahis and Sixteenth-Century Andhra,కుతుబ్ షాహీలు మరియు పదహారో శతాబ్దపు ఆంధ్ర,u2-c13-administration,Administration,పరిపాలన,పరిపాలన,u2-c13-administration,Administration,పరిపాలన,direct,u2-c13-administration,1,0,1,0,
ap-history-taxonomy-v1,2,13,u2-c13-qutb-shahis,Qutb Shahis and Sixteenth-Century Andhra,కుతుబ్ షాహీలు మరియు పదహారో శతాబ్దపు ఆంధ్ర,u2-c13-society-economy-trade,"Society, economy and trade","సమాజం, ఆర్థిక వ్యవస్థ మరియు వాణిజ్యం","సమాజం, ఆర్థిక వ్యవస్థ మరియు వాణిజ్యం",u2-c13-society-economy,Society and economy,సమాజం మరియు ఆర్థిక వ్యవస్థ,direct,u2-c13-society-economy,0,1,0,1,
ap-history-taxonomy-v1,2,13,u2-c13-qutb-shahis,Qutb Shahis and Sixteenth-Century Andhra,కుతుబ్ షాహీలు మరియు పదహారో శతాబ్దపు ఆంధ్ర,u2-c13-society-economy-trade,"Society, economy and trade","సమాజం, ఆర్థిక వ్యవస్థ మరియు వాణిజ్యం","సమాజం, ఆర్థిక వ్యవస్థ మరియు వాణిజ్యం",u2-c13-trade-ports-golconda,"Trade, ports and Golconda commerce","వాణిజ్యం, రేవులు మరియు గోల్కొండ వర్తకం",direct,u2-c13-trade-ports-golconda,0,1,0,1,
ap-history-taxonomy-v1,2,13,u2-c13-qutb-shahis,Qutb Shahis and Sixteenth-Century Andhra,కుతుబ్ షాహీలు మరియు పదహారో శతాబ్దపు ఆంధ్ర,u2-c13-religion,Religion,మతం,మతం,u2-c13-religion,Religion,మతం,direct,u2-c13-religion,1,0,1,0,
ap-history-taxonomy-v1,2,13,u2-c13-qutb-shahis,Qutb Shahis and Sixteenth-Century Andhra,కుతుబ్ షాహీలు మరియు పదహారో శతాబ్దపు ఆంధ్ర,u2-c13-language-patronage,Telugu and Dakhni patronage,తెలుగు మరియు దక్కనీ భాషల పోషణ,తెలుగు మరియు దక్కనీ భాషల పోషణ,u2-c13-telugu-dakhni-patronage,Telugu and Dakhni patronage,తెలుగు మరియు దక్కనీ భాషల పోషణ,direct,u2-c13-telugu-dakhni-patronage,1,1,1,1,
ap-history-taxonomy-v1,2,13,u2-c13-qutb-shahis,Qutb Shahis and Sixteenth-Century Andhra,కుతుబ్ షాహీలు మరియు పదహారో శతాబ్దపు ఆంధ్ర,u2-c13-art-architecture,"Art, architecture and city planning","కళ, వాస్తుశిల్పం మరియు నగర ప్రణాళిక","కళ, వాస్తుశిల్పం మరియు నగర ప్రణాళిక",u2-c13-art-architecture,Art and architecture,కళ మరియు వాస్తుశిల్పం,direct,u2-c13-art-architecture,4,1,4,1,
ap-history-taxonomy-v1,2,14,u2-c14-thematic-history-11th-16th-c,"Thematic History of Andhradesa, 11th–16th Centuries",ఆంధ్రదేశ చరిత్ర: అంశాల వారీ అవలోకనం (11–16 శతాబ్దాలు),u2-c14-administration-society,Comparative administration and social structure,తులనాత్మక పరిపాలన మరియు సామాజిక నిర్మాణం,తులనాత్మక పరిపాలన మరియు సామాజిక నిర్మాణం,u2-c14-comparative-administration,Comparative administration,తులనాత్మక పరిపాలన,direct,u2-c14-comparative-administration,0,0,0,0,by_design
ap-history-taxonomy-v1,2,14,u2-c14-thematic-history-11th-16th-c,"Thematic History of Andhradesa, 11th–16th Centuries",ఆంధ్రదేశ చరిత్ర: అంశాల వారీ అవలోకనం (11–16 శతాబ్దాలు),u2-c14-administration-society,Comparative administration and social structure,తులనాత్మక పరిపాలన మరియు సామాజిక నిర్మాణం,తులనాత్మక పరిపాలన మరియు సామాజిక నిర్మాణం,u2-c14-social-structure,Social structure,సామాజిక నిర్మాణం,direct,u2-c14-social-structure,0,0,0,0,by_design
ap-history-taxonomy-v1,2,14,u2-c14-thematic-history-11th-16th-c,"Thematic History of Andhradesa, 11th–16th Centuries",ఆంధ్రదేశ చరిత్ర: అంశాల వారీ అవలోకనం (11–16 శతాబ్దాలు),u2-c14-economy,"Economic conditions: agriculture, irrigation and trade","ఆర్థిక పరిస్థితులు: వ్యవసాయం, నీటిపారుదల మరియు వాణిజ్యం","ఆర్థిక పరిస్థితులు: వ్యవసాయం, నీటిపారుదల మరియు వాణిజ్యం",u2-c14-economic-conditions,Economic conditions,ఆర్థిక పరిస్థితులు,direct,u2-c14-economic-conditions,0,0,0,0,by_design;overlap
ap-history-taxonomy-v1,2,14,u2-c14-thematic-history-11th-16th-c,"Thematic History of Andhradesa, 11th–16th Centuries",ఆంధ్రదేశ చరిత్ర: అంశాల వారీ అవలోకనం (11–16 శతాబ్దాలు),u2-c14-economy,"Economic conditions: agriculture, irrigation and trade","ఆర్థిక పరిస్థితులు: వ్యవసాయం, నీటిపారుదల మరియు వాణిజ్యం","ఆర్థిక పరిస్థితులు: వ్యవసాయం, నీటిపారుదల మరియు వాణిజ్యం",u2-c14-agriculture-irrigation,Agriculture and irrigation,వ్యవసాయం మరియు నీటిపారుదల,direct,u2-c14-agriculture-irrigation,0,0,0,0,by_design
ap-history-taxonomy-v1,2,14,u2-c14-thematic-history-11th-16th-c,"Thematic History of Andhradesa, 11th–16th Centuries",ఆంధ్రదేశ చరిత్ర: అంశాల వారీ అవలోకనం (11–16 శతాబ్దాలు),u2-c14-economy,"Economic conditions: agriculture, irrigation and trade","ఆర్థిక పరిస్థితులు: వ్యవసాయం, నీటిపారుదల మరియు వాణిజ్యం","ఆర్థిక పరిస్థితులు: వ్యవసాయం, నీటిపారుదల మరియు వాణిజ్యం",u2-c14-trade,Internal and overseas trade,అంతర్గత మరియు విదేశీ వాణిజ్యం,direct,u2-c14-trade,0,0,0,0,by_design
ap-history-taxonomy-v1,2,14,u2-c14-thematic-history-11th-16th-c,"Thematic History of Andhradesa, 11th–16th Centuries",ఆంధ్రదేశ చరిత్ర: అంశాల వారీ అవలోకనం (11–16 శతాబ్దాలు),u2-c14-religious-movements,Religious movements,మత ఉద్యమాలు,మత ఉద్యమాలు,u2-c14-religious-movements,Religious movements,మత ఉద్యమాలు,direct,u2-c14-religious-movements,0,1,0,1,by_design
ap-history-taxonomy-v1,2,14,u2-c14-thematic-history-11th-16th-c,"Thematic History of Andhradesa, 11th–16th Centuries",ఆంధ్రదేశ చరిత్ర: అంశాల వారీ అవలోకనం (11–16 శతాబ్దాలు),u2-c14-language-literature,Growth of Telugu and its authors,తెలుగు భాష వికాసం మరియు కవులు,తెలుగు భాష వికాసం మరియు కవులు,u2-c14-growth-of-telugu,Growth of Telugu,తెలుగు వికాసం,direct,u2-c14-growth-of-telugu,0,4,0,1,by_design
ap-history-taxonomy-v1,2,14,u2-c14-thematic-history-11th-16th-c,"Thematic History of Andhradesa, 11th–16th Centuries",ఆంధ్రదేశ చరిత్ర: అంశాల వారీ అవలోకనం (11–16 శతాబ్దాలు),u2-c14-language-literature,Growth of Telugu and its authors,తెలుగు భాష వికాసం మరియు కవులు,తెలుగు భాష వికాసం మరియు కవులు,u2-c14-authors-works,Major authors and works,ముఖ్య కవులు మరియు రచనలు,direct,u2-c14-authors-works,0,4,0,3,by_design
ap-history-taxonomy-v1,2,14,u2-c14-thematic-history-11th-16th-c,"Thematic History of Andhradesa, 11th–16th Centuries",ఆంధ్రదేశ చరిత్ర: అంశాల వారీ అవలోకనం (11–16 శతాబ్దాలు),u2-c14-art-architecture,"Sculpture, temple architecture and forts","శిల్పం, ఆలయ నిర్మాణం మరియు కోటలు","శిల్పం, ఆలయ నిర్మాణం మరియు కోటలు",u2-c14-sculpture,Sculpture,శిల్పకళ,direct,u2-c14-sculpture,0,1,0,0,by_design;overlap
ap-history-taxonomy-v1,2,14,u2-c14-thematic-history-11th-16th-c,"Thematic History of Andhradesa, 11th–16th Centuries",ఆంధ్రదేశ చరిత్ర: అంశాల వారీ అవలోకనం (11–16 శతాబ్దాలు),u2-c14-art-architecture,"Sculpture, temple architecture and forts","శిల్పం, ఆలయ నిర్మాణం మరియు కోటలు","శిల్పం, ఆలయ నిర్మాణం మరియు కోటలు",u2-c14-temple-architecture,Temple architecture,దేవాలయ వాస్తుశిల్పం,direct,u2-c14-temple-architecture,0,1,0,0,by_design
ap-history-taxonomy-v1,2,14,u2-c14-thematic-history-11th-16th-c,"Thematic History of Andhradesa, 11th–16th Centuries",ఆంధ్రదేశ చరిత్ర: అంశాల వారీ అవలోకనం (11–16 శతాబ్దాలు),u2-c14-art-architecture,"Sculpture, temple architecture and forts","శిల్పం, ఆలయ నిర్మాణం మరియు కోటలు","శిల్పం, ఆలయ నిర్మాణం మరియు కోటలు",u2-c14-forts,Forts,కోటలు,direct,u2-c14-forts,0,1,0,1,by_design
ap-history-taxonomy-v1,2,14,u2-c14-thematic-history-11th-16th-c,"Thematic History of Andhradesa, 11th–16th Centuries",ఆంధ్రదేశ చరిత్ర: అంశాల వారీ అవలోకనం (11–16 శతాబ్దాలు),u2-c14-music-dance,Music and dance,సంగీతం మరియు నృత్యం,సంగీతం మరియు నృత్యం,u2-c14-music-dance,Music and dance,సంగీతం మరియు నృత్యం,direct,u2-c14-music-dance,0,0,0,0,by_design
ap-history-taxonomy-v1,3,15,u3-c15-europeans-company-rule,"Europeans, Trading Centres and Company Rule","యూరోపియన్లు, వ్యాపార కేంద్రాలు మరియు కంపెనీ పాలన",u3-c15-european-companies,European trading companies in Andhra,ఆంధ్రలో యూరోపియన్ వర్తక సంస్థలు,ఆంధ్రలో యూరోపియన్ వర్తక సంస్థలు,u3-c15-portuguese,Portuguese,పోర్చుగీసువారు,direct,u3-c15-portuguese,0,0,0,0,no_source;narrow
ap-history-taxonomy-v1,3,15,u3-c15-europeans-company-rule,"Europeans, Trading Centres and Company Rule","యూరోపియన్లు, వ్యాపార కేంద్రాలు మరియు కంపెనీ పాలన",u3-c15-european-companies,European trading companies in Andhra,ఆంధ్రలో యూరోపియన్ వర్తక సంస్థలు,ఆంధ్రలో యూరోపియన్ వర్తక సంస్థలు,u3-c15-dutch,Dutch,డచ్చివారు,direct,u3-c15-dutch,0,0,0,0,no_source;narrow
ap-history-taxonomy-v1,3,15,u3-c15-europeans-company-rule,"Europeans, Trading Centres and Company Rule","యూరోపియన్లు, వ్యాపార కేంద్రాలు మరియు కంపెనీ పాలన",u3-c15-european-companies,European trading companies in Andhra,ఆంధ్రలో యూరోపియన్ వర్తక సంస్థలు,ఆంధ్రలో యూరోపియన్ వర్తక సంస్థలు,u3-c15-english,English,ఆంగ్లేయులు,direct,u3-c15-english,0,0,0,0,no_source;narrow
ap-history-taxonomy-v1,3,15,u3-c15-europeans-company-rule,"Europeans, Trading Centres and Company Rule","యూరోపియన్లు, వ్యాపార కేంద్రాలు మరియు కంపెనీ పాలన",u3-c15-european-companies,European trading companies in Andhra,ఆంధ్రలో యూరోపియన్ వర్తక సంస్థలు,ఆంధ్రలో యూరోపియన్ వర్తక సంస్థలు,u3-c15-french,French,ఫ్రెంచివారు,direct,u3-c15-french,0,0,0,0,no_source;narrow
ap-history-taxonomy-v1,3,15,u3-c15-europeans-company-rule,"Europeans, Trading Centres and Company Rule","యూరోపియన్లు, వ్యాపార కేంద్రాలు మరియు కంపెనీ పాలన",u3-c15-trading-centres-ports,Trading centres and ports,వ్యాపార కేంద్రాలు మరియు ఓడరేవులు,వ్యాపార కేంద్రాలు మరియు ఓడరేవులు,u3-c15-trading-centres-ports,European trading centres and ports,యూరోపియన్ వ్యాపార కేంద్రాలు మరియు రేవులు,direct,u3-c15-trading-centres-ports,1,0,1,0,
ap-history-taxonomy-v1,3,15,u3-c15-europeans-company-rule,"Europeans, Trading Centres and Company Rule","యూరోపియన్లు, వ్యాపార కేంద్రాలు మరియు కంపెనీ పాలన",u3-c15-european-rivalries,European rivalries and the Carnatic Wars,యూరోపియన్ పోటీలు మరియు కర్ణాటక యుద్ధాలు,యూరోపియన్ పోటీలు మరియు కర్ణాటక యుద్ధాలు,u3-c15-european-rivalries,European rivalries,యూరోపియన్ల మధ్య పోటీ,direct,u3-c15-european-rivalries,1,1,1,1,
ap-history-taxonomy-v1,3,15,u3-c15-europeans-company-rule,"Europeans, Trading Centres and Company Rule","యూరోపియన్లు, వ్యాపార కేంద్రాలు మరియు కంపెనీ పాలన",u3-c15-northern-circars,Northern Circars,ఉత్తర సర్కార్లు,ఉత్తర సర్కార్లు,u3-c15-northern-circars,Northern Circars,ఉత్తర సర్కార్లు,direct,u3-c15-northern-circars,1,1,1,1,
ap-history-taxonomy-v1,3,15,u3-c15-europeans-company-rule,"Europeans, Trading Centres and Company Rule","యూరోపియన్లు, వ్యాపార కేంద్రాలు మరియు కంపెనీ పాలన",u3-c15-ceded-districts,Ceded Districts,దత్త మండలాలు (సీడెడ్ జిల్లాలు),దత్త మండలాలు (సీడెడ్ జిల్లాలు),u3-c15-ceded-districts,Ceded Districts,దత్త మండలాలు (సీడెడ్ జిల్లాలు),direct,u3-c15-ceded-districts,1,0,1,0,
ap-history-taxonomy-v1,3,15,u3-c15-europeans-company-rule,"Europeans, Trading Centres and Company Rule","యూరోపియన్లు, వ్యాపార కేంద్రాలు మరియు కంపెనీ పాలన",u3-c15-company-administration-revenue,Company administration and revenue,కంపెనీ పాలన మరియు రెవెన్యూ,కంపెనీ పాలన మరియు రెవెన్యూ,u3-c15-company-administration,Andhra under the East India Company,ఈస్టిండియా కంపెనీ పాలనలో ఆంధ్ర,direct,u3-c15-company-administration,0,2,0,1,
ap-history-taxonomy-v1,3,15,u3-c15-europeans-company-rule,"Europeans, Trading Centres and Company Rule","యూరోపియన్లు, వ్యాపార కేంద్రాలు మరియు కంపెనీ పాలన",u3-c15-company-administration-revenue,Company administration and revenue,కంపెనీ పాలన మరియు రెవెన్యూ,కంపెనీ పాలన మరియు రెవెన్యూ,u3-c15-revenue-systems,Revenue systems,శిస్తు (రెవెన్యూ) విధానాలు,direct,u3-c15-revenue-systems,0,2,0,1,overlap
ap-history-taxonomy-v1,3,15,u3-c15-europeans-company-rule,"Europeans, Trading Centres and Company Rule","యూరోపియన్లు, వ్యాపార కేంద్రాలు మరియు కంపెనీ పాలన",u3-c15-early-economic-social-impact,Early economic and social impact,తొలి ఆర్థిక మరియు సామాజిక ప్రభావం,తొలి ఆర్థిక మరియు సామాజిక ప్రభావం,u3-c15-early-economic-social-impact,Early economic and social impact,తొలి ఆర్థిక మరియు సామాజిక ప్రభావం,direct,u3-c15-early-economic-social-impact,0,1,0,1,
ap-history-taxonomy-v1,3,16,u3-c16-british-rule-revolt-1857,Establishment of British Rule and the Impact of 1857,బ్రిటిష్ పాలన స్థాపన మరియు 1857 ప్రభావం,u3-c16-consolidation-administration,Consolidation of British administration,బ్రిటిష్ పాలన బలోపేతం,బ్రిటిష్ పాలన బలోపేతం,u3-c16-consolidation-of-administration,Consolidation of British administration,బ్రిటిష్ పరిపాలన స్థిరీకరణ,direct,u3-c16-consolidation-of-administration,1,0,1,0,
ap-history-taxonomy-v1,3,16,u3-c16-british-rule-revolt-1857,Establishment of British Rule and the Impact of 1857,బ్రిటిష్ పాలన స్థాపన మరియు 1857 ప్రభావం,u3-c16-land-revenue-settlements,Land-revenue settlements (Zamindari and Ryotwari),భూ శిస్తు విధానాలు (జమీందారీ మరియు రైత్వారీ),భూ శిస్తు విధానాలు (జమీందారీ మరియు రైత్వారీ),u3-c16-zamindari-ryotwari,Zamindari and Ryotwari systems,జమీందారీ మరియు రైత్వారీ విధానాలు,direct,u3-c16-zamindari-ryotwari,2,0,1,1,overlap
ap-history-taxonomy-v1,3,16,u3-c16-british-rule-revolt-1857,Establishment of British Rule and the Impact of 1857,బ్రిటిష్ పాలన స్థాపన మరియు 1857 ప్రభావం,u3-c16-land-revenue-settlements,Land-revenue settlements (Zamindari and Ryotwari),భూ శిస్తు విధానాలు (జమీందారీ మరియు రైత్వారీ),భూ శిస్తు విధానాలు (జమీందారీ మరియు రైత్వారీ),u3-c16-thomas-munro,Thomas Munro,థామస్ మన్రో,direct,u3-c16-thomas-munro,2,0,1,0,narrow
ap-history-taxonomy-v1,3,16,u3-c16-british-rule-revolt-1857,Establishment of British Rule and the Impact of 1857,బ్రిటిష్ పాలన స్థాపన మరియు 1857 ప్రభావం,u3-c16-irrigation-economic-effects,Irrigation works and economic effects,నీటిపారుదల పనులు మరియు ఆర్థిక ప్రభావాలు,నీటిపారుదల పనులు మరియు ఆర్థిక ప్రభావాలు,u3-c16-arthur-cotton,Arthur Cotton,ఆర్థర్ కాటన్,direct,u3-c16-arthur-cotton,2,0,1,0,narrow
ap-history-taxonomy-v1,3,16,u3-c16-british-rule-revolt-1857,Establishment of British Rule and the Impact of 1857,బ్రిటిష్ పాలన స్థాపన మరియు 1857 ప్రభావం,u3-c16-irrigation-economic-effects,Irrigation works and economic effects,నీటిపారుదల పనులు మరియు ఆర్థిక ప్రభావాలు,నీటిపారుదల పనులు మరియు ఆర్థిక ప్రభావాలు,u3-c16-administrative-economic-effects,Administrative and economic effects,పరిపాలనా మరియు ఆర్థిక ప్రభావాలు,direct,u3-c16-administrative-economic-effects,2,0,1,0,
ap-history-taxonomy-v1,3,16,u3-c16-british-rule-revolt-1857,Establishment of British Rule and the Impact of 1857,బ్రిటిష్ పాలన స్థాపన మరియు 1857 ప్రభావం,u3-c16-revolt-1857,Revolt of 1857 and its impact,1857 తిరుగుబాటు మరియు దాని ప్రభావం,1857 తిరుగుబాటు మరియు దాని ప్రభావం,u3-c16-revolt-of-1857,Revolt of 1857,1857 తిరుగుబాటు,direct,u3-c16-revolt-of-1857,1,0,0,1,
ap-history-taxonomy-v1,3,16,u3-c16-british-rule-revolt-1857,Establishment of British Rule and the Impact of 1857,బ్రిటిష్ పాలన స్థాపన మరియు 1857 ప్రభావం,u3-c16-revolt-1857,Revolt of 1857 and its impact,1857 తిరుగుబాటు మరియు దాని ప్రభావం,1857 తిరుగుబాటు మరియు దాని ప్రభావం,u3-c16-andhra-events-personalities-1857,Events and personalities connected to Andhra,ఆంధ్రకు సంబంధించిన సంఘటనలు మరియు వ్యక్తులు,direct,u3-c16-andhra-events-personalities-1857,1,0,0,0,
ap-history-taxonomy-v1,3,16,u3-c16-british-rule-revolt-1857,Establishment of British Rule and the Impact of 1857,బ్రిటిష్ పాలన స్థాపన మరియు 1857 ప్రభావం,u3-c16-revolt-1857,Revolt of 1857 and its impact,1857 తిరుగుబాటు మరియు దాని ప్రభావం,1857 తిరుగుబాటు మరియు దాని ప్రభావం,u3-c16-impact-of-1857,Impact of 1857 on Andhra,ఆంధ్రపై 1857 ప్రభావం,direct,u3-c16-impact-of-1857,1,0,1,0,
ap-history-taxonomy-v1,3,17,u3-c17-socio-cultural-awakening,Socio-Cultural Awakening,సామాజిక-సాంస్కృతిక చైతన్యం,u3-c17-education-missionaries,Western education and missionary activity,పాశ్చాత్య విద్య మరియు మిషనరీ కార్యకలాపాలు,పాశ్చాత్య విద్య మరియు మిషనరీ కార్యకలాపాలు,u3-c17-western-education,Western education,పాశ్చాత్య విద్య,direct,u3-c17-western-education,1,0,1,0,
ap-history-taxonomy-v1,3,17,u3-c17-socio-cultural-awakening,Socio-Cultural Awakening,సామాజిక-సాంస్కృతిక చైతన్యం,u3-c17-education-missionaries,Western education and missionary activity,పాశ్చాత్య విద్య మరియు మిషనరీ కార్యకలాపాలు,పాశ్చాత్య విద్య మరియు మిషనరీ కార్యకలాపాలు,u3-c17-missionary-activity,Missionary activity,క్రైస్తవ మిషనరీ కార్యకలాపాలు,direct,u3-c17-missionary-activity,1,0,0,0,
ap-history-taxonomy-v1,3,17,u3-c17-socio-cultural-awakening,Socio-Cultural Awakening,సామాజిక-సాంస్కృతిక చైతన్యం,u3-c17-print-culture,Print culture,ముద్రణ సంస్కృతి,ముద్రణ సంస్కృతి,u3-c17-print-culture,Print culture,ముద్రణ సంస్కృతి,direct,u3-c17-print-culture,0,1,0,1,
ap-history-taxonomy-v1,3,17,u3-c17-socio-cultural-awakening,Socio-Cultural Awakening,సామాజిక-సాంస్కృతిక చైతన్యం,u3-c17-social-reform,Social reform and women's reform,సంఘ సంస్కరణ మరియు మహిళా సంస్కరణ,సంఘ సంస్కరణ మరియు మహిళా సంస్కరణ,u3-c17-social-reform,Social reform,సామాజిక సంస్కరణ,direct,u3-c17-social-reform,0,2,0,2,
ap-history-taxonomy-v1,3,17,u3-c17-socio-cultural-awakening,Socio-Cultural Awakening,సామాజిక-సాంస్కృతిక చైతన్యం,u3-c17-social-reform,Social reform and women's reform,సంఘ సంస్కరణ మరియు మహిళా సంస్కరణ,సంఘ సంస్కరణ మరియు మహిళా సంస్కరణ,u3-c17-womens-reform,Women's reform,మహిళా సంస్కరణ,direct,u3-c17-womens-reform,0,2,0,0,overlap
ap-history-taxonomy-v1,3,17,u3-c17-socio-cultural-awakening,Socio-Cultural Awakening,సామాజిక-సాంస్కృతిక చైతన్యం,u3-c17-major-reformers,Major reformers,ప్రముఖ సంస్కర్తలు,ప్రముఖ సంస్కర్తలు,u3-c17-veeresalingam,Kandukuri Veeresalingam,కందుకూరి వీరేశలింగం,direct,u3-c17-veeresalingam,0,0,0,0,narrow
ap-history-taxonomy-v1,3,17,u3-c17-socio-cultural-awakening,Socio-Cultural Awakening,సామాజిక-సాంస్కృతిక చైతన్యం,u3-c17-major-reformers,Major reformers,ప్రముఖ సంస్కర్తలు,ప్రముఖ సంస్కర్తలు,u3-c17-raghupati-venkataratnam-naidu,Raghupati Venkataratnam Naidu,రఘుపతి వెంకటరత్నం నాయుడు,direct,u3-c17-raghupati-venkataratnam-naidu,0,0,0,0,narrow
ap-history-taxonomy-v1,3,17,u3-c17-socio-cultural-awakening,Socio-Cultural Awakening,సామాజిక-సాంస్కృతిక చైతన్యం,u3-c17-major-reformers,Major reformers,ప్రముఖ సంస్కర్తలు,ప్రముఖ సంస్కర్తలు,u3-c17-gurajada-apparao,Gurajada Apparao,గురజాడ అప్పారావు,direct,u3-c17-gurajada-apparao,0,0,0,0,narrow
ap-history-taxonomy-v1,3,17,u3-c17-socio-cultural-awakening,Socio-Cultural Awakening,సామాజిక-సాంస్కృతిక చైతన్యం,u3-c17-modern-telugu-awakening,Modern Telugu awakening,ఆధునిక తెలుగు చైతన్యం,ఆధునిక తెలుగు చైతన్యం,u3-c17-modern-telugu-awakening,Modern Telugu cultural awakening,ఆధునిక తెలుగు సాంస్కృతిక చైతన్యం,direct,u3-c17-modern-telugu-awakening,0,1,0,1,
ap-history-taxonomy-v1,3,17,u3-c17-socio-cultural-awakening,Socio-Cultural Awakening,సామాజిక-సాంస్కృతిక చైతన్యం,u3-c17-associations-institutions,Associations and institutions,సంఘాలు మరియు సంస్థలు,సంఘాలు మరియు సంస్థలు,u3-c17-associations-institutions,Important associations and institutions,ముఖ్య సంఘాలు మరియు సంస్థలు,direct,u3-c17-associations-institutions,0,0,0,0,
ap-history-taxonomy-v1,3,18,u3-c18-justice-party-self-respect,Justice Party and Self-Respect Movement,జస్టిస్ పార్టీ మరియు ఆత్మగౌరవ ఉద్యమం,u3-c18-justice-party,Non-Brahmin movement and the Justice Party,బ్రాహ్మణేతర ఉద్యమం మరియు జస్టిస్ పార్టీ,బ్రాహ్మణేతర ఉద్యమం మరియు జస్టిస్ పార్టీ,u3-c18-non-brahmin-origins,Origins of the Non-Brahmin movement,బ్రాహ్మణేతర ఉద్యమ మూలాలు,direct,u3-c18-non-brahmin-origins,0,1,0,0,
ap-history-taxonomy-v1,3,18,u3-c18-justice-party-self-respect,Justice Party and Self-Respect Movement,జస్టిస్ పార్టీ మరియు ఆత్మగౌరవ ఉద్యమం,u3-c18-justice-party,Non-Brahmin movement and the Justice Party,బ్రాహ్మణేతర ఉద్యమం మరియు జస్టిస్ పార్టీ,బ్రాహ్మణేతర ఉద్యమం మరియు జస్టిస్ పార్టీ,u3-c18-justice-party,Justice Party,జస్టిస్ పార్టీ,direct,u3-c18-justice-party,0,1,0,1,
ap-history-taxonomy-v1,3,18,u3-c18-justice-party-self-respect,Justice Party and Self-Respect Movement,జస్టిస్ పార్టీ మరియు ఆత్మగౌరవ ఉద్యమం,u3-c18-leaders-policies,"Leaders, policies and social impact","నాయకులు, విధానాలు మరియు సామాజిక ప్రభావం","నాయకులు, విధానాలు మరియు సామాజిక ప్రభావం",u3-c18-important-leaders,Important leaders,ముఖ్య నాయకులు,direct,u3-c18-important-leaders,0,0,0,0,overlap
ap-history-taxonomy-v1,3,18,u3-c18-justice-party-self-respect,Justice Party and Self-Respect Movement,జస్టిస్ పార్టీ మరియు ఆత్మగౌరవ ఉద్యమం,u3-c18-leaders-policies,"Leaders, policies and social impact","నాయకులు, విధానాలు మరియు సామాజిక ప్రభావం","నాయకులు, విధానాలు మరియు సామాజిక ప్రభావం",u3-c18-policies-social-impact,Policies and social impact,విధానాలు మరియు సామాజిక ప్రభావం,direct,u3-c18-policies-social-impact,0,0,0,0,
ap-history-taxonomy-v1,3,18,u3-c18-justice-party-self-respect,Justice Party and Self-Respect Movement,జస్టిస్ పార్టీ మరియు ఆత్మగౌరవ ఉద్యమం,u3-c18-self-respect-movement,Self-Respect Movement,ఆత్మగౌరవ ఉద్యమం,ఆత్మగౌరవ ఉద్యమం,u3-c18-self-respect-movement,Self-Respect Movement,ఆత్మగౌరవ ఉద్యమం,direct,u3-c18-self-respect-movement,0,0,0,0,
ap-history-taxonomy-v1,3,18,u3-c18-justice-party-self-respect,Justice Party and Self-Respect Movement,జస్టిస్ పార్టీ మరియు ఆత్మగౌరవ ఉద్యమం,u3-c18-influence-in-andhra,Influence in Andhra,ఆంధ్రలో ప్రభావం,ఆంధ్రలో ప్రభావం,u3-c18-influence-in-andhra,Influence in Andhra,ఆంధ్రలో ప్రభావం,direct,u3-c18-influence-in-andhra,0,0,0,0,
ap-history-taxonomy-v1,3,18,u3-c18-justice-party-self-respect,Justice Party and Self-Respect Movement,జస్టిస్ పార్టీ మరియు ఆత్మగౌరవ ఉద్యమం,u3-c18-debates-limitations,Debates and limitations,చర్చలు మరియు పరిమితులు,చర్చలు మరియు పరిమితులు,u3-c18-debates-limitations,Debates and limitations,చర్చలు మరియు పరిమితులు,direct,u3-c18-debates-limitations,0,0,0,0,
ap-history-taxonomy-v1,3,19,u3-c19-nationalist-movement-1885-1947,"Nationalist Movement in Andhra, 1885–1947",ఆంధ్రలో జాతీయోద్యమం (1885–1947),u3-c19-early-associations-congress,Early political associations and the Congress in Andhra,తొలి రాజకీయ సంఘాలు మరియు ఆంధ్రలో కాంగ్రెస్,తొలి రాజకీయ సంఘాలు మరియు ఆంధ్రలో కాంగ్రెస్,u3-c19-early-political-associations,Early political associations,తొలి రాజకీయ సంఘాలు,direct,u3-c19-early-political-associations,1,0,0,0,
ap-history-taxonomy-v1,3,19,u3-c19-nationalist-movement-1885-1947,"Nationalist Movement in Andhra, 1885–1947",ఆంధ్రలో జాతీయోద్యమం (1885–1947),u3-c19-early-associations-congress,Early political associations and the Congress in Andhra,తొలి రాజకీయ సంఘాలు మరియు ఆంధ్రలో కాంగ్రెస్,తొలి రాజకీయ సంఘాలు మరియు ఆంధ్రలో కాంగ్రెస్,u3-c19-congress-and-andhra,Indian National Congress and Andhra,భారత జాతీయ కాంగ్రెస్ మరియు ఆంధ్ర,direct,u3-c19-congress-and-andhra,1,0,1,0,
ap-history-taxonomy-v1,3,19,u3-c19-nationalist-movement-1885-1947,"Nationalist Movement in Andhra, 1885–1947",ఆంధ్రలో జాతీయోద్యమం (1885–1947),u3-c19-swadeshi-home-rule,Swadeshi–Vandemataram and Home Rule movements,స్వదేశీ–వందేమాతర మరియు హోమ్ రూల్ (స్వపరిపాలన) ఉద్యమాలు,స్వదేశీ–వందేమాతర మరియు హోమ్ రూల్ (స్వపరిపాలన) ఉద్యమాలు,u3-c19-swadeshi-vandemataram,Swadeshi and Vandemataram,స్వదేశీ మరియు వందేమాతర ఉద్యమాలు,direct,u3-c19-swadeshi-vandemataram,0,1,0,1,
ap-history-taxonomy-v1,3,19,u3-c19-nationalist-movement-1885-1947,"Nationalist Movement in Andhra, 1885–1947",ఆంధ్రలో జాతీయోద్యమం (1885–1947),u3-c19-swadeshi-home-rule,Swadeshi–Vandemataram and Home Rule movements,స్వదేశీ–వందేమాతర మరియు హోమ్ రూల్ (స్వపరిపాలన) ఉద్యమాలు,స్వదేశీ–వందేమాతర మరియు హోమ్ రూల్ (స్వపరిపాలన) ఉద్యమాలు,u3-c19-home-rule,Home Rule,హోమ్ రూల్ (స్వపరిపాలన) ఉద్యమం,direct,u3-c19-home-rule,0,1,0,0,
ap-history-taxonomy-v1,3,19,u3-c19-nationalist-movement-1885-1947,"Nationalist Movement in Andhra, 1885–1947",ఆంధ్రలో జాతీయోద్యమం (1885–1947),u3-c19-non-cooperation,Non-Cooperation Movement,సహాయ నిరాకరణ ఉద్యమం,సహాయ నిరాకరణ ఉద్యమం,u3-c19-non-cooperation,Non-Cooperation,సహాయ నిరాకరణ,direct,u3-c19-non-cooperation,1,0,1,0,
ap-history-taxonomy-v1,3,19,u3-c19-nationalist-movement-1885-1947,"Nationalist Movement in Andhra, 1885–1947",ఆంధ్రలో జాతీయోద్యమం (1885–1947),u3-c19-non-cooperation,Non-Cooperation Movement,సహాయ నిరాకరణ ఉద్యమం,సహాయ నిరాకరణ ఉద్యమం,u3-c19-chirala-perala-pedanandipadu,Chirala–Perala and Pedanandipadu,చీరాల–పేరాల మరియు పెదనందిపాడు,direct,u3-c19-chirala-perala-pedanandipadu,1,0,0,0,narrow
ap-history-taxonomy-v1,3,19,u3-c19-nationalist-movement-1885-1947,"Nationalist Movement in Andhra, 1885–1947",ఆంధ్రలో జాతీయోద్యమం (1885–1947),u3-c19-civil-disobedience,Civil Disobedience and Salt Satyagraha,శాసనోల్లంఘన మరియు ఉప్పు సత్యాగ్రహం,శాసనోల్లంఘన మరియు ఉప్పు సత్యాగ్రహం,u3-c19-civil-disobedience-salt-satyagraha,Civil Disobedience and Salt Satyagraha,శాసనోల్లంఘన మరియు ఉప్పు సత్యాగ్రహం,direct,u3-c19-civil-disobedience-salt-satyagraha,1,0,1,0,
ap-history-taxonomy-v1,3,19,u3-c19-nationalist-movement-1885-1947,"Nationalist Movement in Andhra, 1885–1947",ఆంధ్రలో జాతీయోద్యమం (1885–1947),u3-c19-individual-satyagraha-quit-india,Individual Satyagraha and Quit India,వ్యక్తిగత సత్యాగ్రహం మరియు క్విట్ ఇండియా,వ్యక్తిగత సత్యాగ్రహం మరియు క్విట్ ఇండియా,u3-c19-individual-satyagraha,Individual Satyagraha,వ్యక్తిగత సత్యాగ్రహం,direct,u3-c19-individual-satyagraha,1,0,0,0,
ap-history-taxonomy-v1,3,19,u3-c19-nationalist-movement-1885-1947,"Nationalist Movement in Andhra, 1885–1947",ఆంధ్రలో జాతీయోద్యమం (1885–1947),u3-c19-individual-satyagraha-quit-india,Individual Satyagraha and Quit India,వ్యక్తిగత సత్యాగ్రహం మరియు క్విట్ ఇండియా,వ్యక్తిగత సత్యాగ్రహం మరియు క్విట్ ఇండియా,u3-c19-quit-india,Quit India,క్విట్ ఇండియా ఉద్యమం,direct,u3-c19-quit-india,1,0,1,0,
ap-history-taxonomy-v1,3,19,u3-c19-nationalist-movement-1885-1947,"Nationalist Movement in Andhra, 1885–1947",ఆంధ్రలో జాతీయోద్యమం (1885–1947),u3-c19-prominent-leaders,Prominent leaders,ప్రముఖ నాయకులు,ప్రముఖ నాయకులు,u3-c19-prominent-leaders,Prominent leaders,ప్రముఖ నాయకులు,direct,u3-c19-prominent-leaders,1,0,1,0,overlap
ap-history-taxonomy-v1,3,19,u3-c19-nationalist-movement-1885-1947,"Nationalist Movement in Andhra, 1885–1947",ఆంధ్రలో జాతీయోద్యమం (1885–1947),u3-c19-regional-centres-events,Regional centres and events,ప్రాంతీయ కేంద్రాలు మరియు సంఘటనలు,ప్రాంతీయ కేంద్రాలు మరియు సంఘటనలు,u3-c19-regional-centres-events,Regional centres and events,ప్రాంతీయ కేంద్రాలు మరియు సంఘటనలు,direct,u3-c19-regional-centres-events,1,1,0,1,
ap-history-taxonomy-v1,3,19,u3-c19-nationalist-movement-1885-1947,"Nationalist Movement in Andhra, 1885–1947",ఆంధ్రలో జాతీయోద్యమం (1885–1947),u3-c19-regional-centres-events,Regional centres and events,ప్రాంతీయ కేంద్రాలు మరియు సంఘటనలు,ప్రాంతీయ కేంద్రాలు మరియు సంఘటనలు,u3-c19-rampa-rebellion,"Rampa Rebellion, 1922–24",రంపా తిరుగుబాటు (1922–24),direct,,1,1,1,0,
ap-history-taxonomy-v1,3,20,u3-c20-socialists-communists-kisan,"Socialists, Communists, Anti-Zamindari and Kisan Movements","సోషలిస్టులు, కమ్యూనిస్టులు, జమీందారీ వ్యతిరేక మరియు కిసాన్ ఉద్యమాలు",u3-c20-socialists,Socialists,సోషలిస్టులు,సోషలిస్టులు,u3-c20-socialists,Socialist organisations and leaders,సోషలిస్టు సంస్థలు మరియు నాయకులు,direct,u3-c20-socialists,0,0,0,0,
ap-history-taxonomy-v1,3,20,u3-c20-socialists-communists-kisan,"Socialists, Communists, Anti-Zamindari and Kisan Movements","సోషలిస్టులు, కమ్యూనిస్టులు, జమీందారీ వ్యతిరేక మరియు కిసాన్ ఉద్యమాలు",u3-c20-communist-movement,Communist movement,కమ్యూనిస్టు ఉద్యమం,కమ్యూనిస్టు ఉద్యమం,u3-c20-communist-movement,Communist movement,కమ్యూనిస్టు ఉద్యమం,direct,u3-c20-communist-movement,0,2,0,2,
ap-history-taxonomy-v1,3,20,u3-c20-socialists-communists-kisan,"Socialists, Communists, Anti-Zamindari and Kisan Movements","సోషలిస్టులు, కమ్యూనిస్టులు, జమీందారీ వ్యతిరేక మరియు కిసాన్ ఉద్యమాలు",u3-c20-peasant-kisan-movement,Peasant organisation and Kisan movement,రైతు సంఘటన మరియు కిసాన్ ఉద్యమం,రైతు సంఘటన మరియు కిసాన్ ఉద్యమం,u3-c20-peasant-organisation,Peasant organisation,రైతు సంఘటన,direct,u3-c20-peasant-organisation,0,0,0,0,
ap-history-taxonomy-v1,3,20,u3-c20-socialists-communists-kisan,"Socialists, Communists, Anti-Zamindari and Kisan Movements","సోషలిస్టులు, కమ్యూనిస్టులు, జమీందారీ వ్యతిరేక మరియు కిసాన్ ఉద్యమాలు",u3-c20-peasant-kisan-movement,Peasant organisation and Kisan movement,రైతు సంఘటన మరియు కిసాన్ ఉద్యమం,రైతు సంఘటన మరియు కిసాన్ ఉద్యమం,u3-c20-kisan-sabhas,Kisan Sabhas,కిసాన్ సభలు,direct,u3-c20-kisan-sabhas,0,0,0,0,overlap
ap-history-taxonomy-v1,3,20,u3-c20-socialists-communists-kisan,"Socialists, Communists, Anti-Zamindari and Kisan Movements","సోషలిస్టులు, కమ్యూనిస్టులు, జమీందారీ వ్యతిరేక మరియు కిసాన్ ఉద్యమాలు",u3-c20-peasant-kisan-movement,Peasant organisation and Kisan movement,రైతు సంఘటన మరియు కిసాన్ ఉద్యమం,రైతు సంఘటన మరియు కిసాన్ ఉద్యమం,u3-c20-ng-ranga,N. G. Ranga,ఎన్. జి. రంగా,direct,u3-c20-ng-ranga,0,0,0,0,
ap-history-taxonomy-v1,3,20,u3-c20-socialists-communists-kisan,"Socialists, Communists, Anti-Zamindari and Kisan Movements","సోషలిస్టులు, కమ్యూనిస్టులు, జమీందారీ వ్యతిరేక మరియు కిసాన్ ఉద్యమాలు",u3-c20-anti-zamindari-struggles,Anti-Zamindari and regional agrarian struggles,జమీందారీ వ్యతిరేక మరియు ప్రాంతీయ వ్యవసాయ పోరాటాలు,జమీందారీ వ్యతిరేక మరియు ప్రాంతీయ వ్యవసాయ పోరాటాలు,u3-c20-anti-zamindari-struggles,Anti-Zamindari struggles,జమీందారీ వ్యతిరేక పోరాటాలు,direct,u3-c20-anti-zamindari-struggles,0,2,0,1,
ap-history-taxonomy-v1,3,20,u3-c20-socialists-communists-kisan,"Socialists, Communists, Anti-Zamindari and Kisan Movements","సోషలిస్టులు, కమ్యూనిస్టులు, జమీందారీ వ్యతిరేక మరియు కిసాన్ ఉద్యమాలు",u3-c20-anti-zamindari-struggles,Anti-Zamindari and regional agrarian struggles,జమీందారీ వ్యతిరేక మరియు ప్రాంతీయ వ్యవసాయ పోరాటాలు,జమీందారీ వ్యతిరేక మరియు ప్రాంతీయ వ్యవసాయ పోరాటాలు,u3-c20-regional-agrarian-struggles,Important regional agrarian struggles,ముఖ్య ప్రాంతీయ రైతాంగ పోరాటాలు,direct,u3-c20-regional-agrarian-struggles,0,2,0,1,overlap
ap-history-taxonomy-v1,3,20,u3-c20-socialists-communists-kisan,"Socialists, Communists, Anti-Zamindari and Kisan Movements","సోషలిస్టులు, కమ్యూనిస్టులు, జమీందారీ వ్యతిరేక మరియు కిసాన్ ఉద్యమాలు",u3-c20-labour-mobilisation,Labour mobilisation,కార్మిక సమీకరణ,కార్మిక సమీకరణ,u3-c20-labour-mobilisation,Labour mobilisation,కార్మిక సమీకరణ,direct,u3-c20-labour-mobilisation,0,0,0,0,
ap-history-taxonomy-v1,3,20,u3-c20-socialists-communists-kisan,"Socialists, Communists, Anti-Zamindari and Kisan Movements","సోషలిస్టులు, కమ్యూనిస్టులు, జమీందారీ వ్యతిరేక మరియు కిసాన్ ఉద్యమాలు",u3-c20-relation-to-national-movement,Relation to the national movement,జాతీయోద్యమంతో సంబంధం,జాతీయోద్యమంతో సంబంధం,u3-c20-relation-to-national-movement,Relationship with the national movement,జాతీయోద్యమంతో సంబంధం,direct,u3-c20-relation-to-national-movement,0,0,0,0,
ap-history-taxonomy-v1,3,21,u3-c21-poetry-literature-nataka-samasthalu,"Nationalist Poetry, Revolutionary Literature and Nataka Samasthalu","జాతీయ కవిత్వం, విప్లవ సాహిత్యం మరియు నాటక సమాజాలు",u3-c21-nationalist-revolutionary-writing,Nationalist poetry and revolutionary writings,జాతీయ కవిత్వం మరియు విప్లవ రచనలు,జాతీయ కవిత్వం మరియు విప్లవ రచనలు,u3-c21-nationalist-poetry,Nationalist poetry,జాతీయ కవిత్వం,direct,u3-c21-nationalist-poetry,0,1,0,1,
ap-history-taxonomy-v1,3,21,u3-c21-poetry-literature-nataka-samasthalu,"Nationalist Poetry, Revolutionary Literature and Nataka Samasthalu","జాతీయ కవిత్వం, విప్లవ సాహిత్యం మరియు నాటక సమాజాలు",u3-c21-nationalist-revolutionary-writing,Nationalist poetry and revolutionary writings,జాతీయ కవిత్వం మరియు విప్లవ రచనలు,జాతీయ కవిత్వం మరియు విప్లవ రచనలు,u3-c21-revolutionary-writings,Revolutionary writings,విప్లవ రచనలు,direct,u3-c21-revolutionary-writings,0,1,0,0,
ap-history-taxonomy-v1,3,21,u3-c21-poetry-literature-nataka-samasthalu,"Nationalist Poetry, Revolutionary Literature and Nataka Samasthalu","జాతీయ కవిత్వం, విప్లవ సాహిత్యం మరియు నాటక సమాజాలు",u3-c21-poets-authors,Poets and authors,కవులు మరియు రచయితలు,కవులు మరియు రచయితలు,u3-c21-poets-authors,Important poets and authors,ముఖ్య కవులు మరియు రచయితలు,direct,u3-c21-poets-authors,0,0,0,0,
ap-history-taxonomy-v1,3,21,u3-c21-poetry-literature-nataka-samasthalu,"Nationalist Poetry, Revolutionary Literature and Nataka Samasthalu","జాతీయ కవిత్వం, విప్లవ సాహిత్యం మరియు నాటక సమాజాలు",u3-c21-newspapers-publications,Newspapers and publications,పత్రికలు మరియు ప్రచురణలు,పత్రికలు మరియు ప్రచురణలు,u3-c21-newspapers-publications,Newspapers and literary publications,వార్తాపత్రికలు మరియు సాహిత్య ప్రచురణలు,direct,u3-c21-newspapers-publications,0,0,0,0,
ap-history-taxonomy-v1,3,21,u3-c21-poetry-literature-nataka-samasthalu,"Nationalist Poetry, Revolutionary Literature and Nataka Samasthalu","జాతీయ కవిత్వం, విప్లవ సాహిత్యం మరియు నాటక సమాజాలు",u3-c21-drama-nataka-samajalu,Drama societies (Nataka Samajalu),నాటక సమాజాలు,నాటక సమాజాలు,u3-c21-drama-organisations,Drama organisations,నాటక సంస్థలు,direct,u3-c21-drama-organisations,0,1,0,0,duplicate;overlap
ap-history-taxonomy-v1,3,21,u3-c21-poetry-literature-nataka-samasthalu,"Nationalist Poetry, Revolutionary Literature and Nataka Samasthalu","జాతీయ కవిత్వం, విప్లవ సాహిత్యం మరియు నాటక సమాజాలు",u3-c21-drama-nataka-samajalu,Drama societies (Nataka Samajalu),నాటక సమాజాలు,నాటక సమాజాలు,u3-c21-nataka-samasthalu,Nataka Samasthalu,నాటక సమాజాలు,direct,u3-c21-nataka-samasthalu,0,1,0,1,duplicate;overlap
ap-history-taxonomy-v1,3,21,u3-c21-poetry-literature-nataka-samasthalu,"Nationalist Poetry, Revolutionary Literature and Nataka Samasthalu","జాతీయ కవిత్వం, విప్లవ సాహిత్యం మరియు నాటక సమాజాలు",u3-c21-peoples-theatre,People's theatre: Praja Natya Mandali and Maa Bhoomi,ప్రజా నాట్య మండలి మరియు మా భూమి,ప్రజా నాట్య మండలి మరియు మా భూమి,u3-c21-praja-natya-mandali,Praja Natya Mandali,ప్రజా నాట్య మండలి,direct,u3-c21-praja-natya-mandali,0,0,0,0,narrow
ap-history-taxonomy-v1,3,21,u3-c21-poetry-literature-nataka-samasthalu,"Nationalist Poetry, Revolutionary Literature and Nataka Samasthalu","జాతీయ కవిత్వం, విప్లవ సాహిత్యం మరియు నాటక సమాజాలు",u3-c21-peoples-theatre,People's theatre: Praja Natya Mandali and Maa Bhoomi,ప్రజా నాట్య మండలి మరియు మా భూమి,ప్రజా నాట్య మండలి మరియు మా భూమి,u3-c21-maa-bhoomi,Maa Bhoomi,మా భూమి,direct,u3-c21-maa-bhoomi,0,0,0,0,narrow
ap-history-taxonomy-v1,3,21,u3-c21-poetry-literature-nataka-samasthalu,"Nationalist Poetry, Revolutionary Literature and Nataka Samasthalu","జాతీయ కవిత్వం, విప్లవ సాహిత్యం మరియు నాటక సమాజాలు",u3-c21-folk-performance-mobilisation,Folk performance and mobilisation,జానపద ప్రదర్శనలు మరియు ప్రజా సమీకరణ,జానపద ప్రదర్శనలు మరియు ప్రజా సమీకరణ,u3-c21-folk-performance-mobilisation,Folk performance in political mobilisation,రాజకీయ చైతన్యంలో జానపద ప్రదర్శనలు,direct,u3-c21-folk-performance-mobilisation,0,0,0,0,
ap-history-taxonomy-v1,3,22,u3-c22-womens-participation,Women's Participation,మహిళల భాగస్వామ్యం,u3-c22-women-reformers-organisations,Women reformers and women's organisations,మహిళా సంస్కర్తలు మరియు మహిళా సంఘాలు,మహిళా సంస్కర్తలు మరియు మహిళా సంఘాలు,u3-c22-women-reformers,Women social reformers,మహిళా సంఘ సంస్కర్తలు,direct,u3-c22-women-reformers,0,0,0,0,overlap
ap-history-taxonomy-v1,3,22,u3-c22-womens-participation,Women's Participation,మహిళల భాగస్వామ్యం,u3-c22-women-reformers-organisations,Women reformers and women's organisations,మహిళా సంస్కర్తలు మరియు మహిళా సంఘాలు,మహిళా సంస్కర్తలు మరియు మహిళా సంఘాలు,u3-c22-organisations,Organisations,సంస్థలు,direct,u3-c22-organisations,0,0,0,0,
ap-history-taxonomy-v1,3,22,u3-c22-womens-participation,Women's Participation,మహిళల భాగస్వామ్యం,u3-c22-swadeshi-gandhian-movements,"Women in Swadeshi, Home Rule and Gandhian movements","స్వదేశీ, హోమ్ రూల్ మరియు గాంధేయ ఉద్యమాల్లో మహిళలు","స్వదేశీ, హోమ్ రూల్ మరియు గాంధేయ ఉద్యమాల్లో మహిళలు",u3-c22-swadeshi-home-rule,Women in Swadeshi and Home Rule,స్వదేశీ మరియు హోమ్ రూల్ ఉద్యమాల్లో మహిళలు,direct,u3-c22-swadeshi-home-rule,0,0,0,0,overlap
ap-history-taxonomy-v1,3,22,u3-c22-womens-participation,Women's Participation,మహిళల భాగస్వామ్యం,u3-c22-swadeshi-gandhian-movements,"Women in Swadeshi, Home Rule and Gandhian movements","స్వదేశీ, హోమ్ రూల్ మరియు గాంధేయ ఉద్యమాల్లో మహిళలు","స్వదేశీ, హోమ్ రూల్ మరియు గాంధేయ ఉద్యమాల్లో మహిళలు",u3-c22-gandhian-movements,Women in Gandhian movements,గాంధేయ ఉద్యమాల్లో మహిళలు,direct,u3-c22-gandhian-movements,0,0,0,0,overlap
ap-history-taxonomy-v1,3,22,u3-c22-womens-participation,Women's Participation,మహిళల భాగస్వామ్యం,u3-c22-revolutionary-peasant-movements,Women in revolutionary and peasant movements,విప్లవ మరియు రైతు ఉద్యమాల్లో మహిళలు,విప్లవ మరియు రైతు ఉద్యమాల్లో మహిళలు,u3-c22-revolutionary-peasant-movements,Women in revolutionary and peasant movements,విప్లవ మరియు రైతాంగ ఉద్యమాల్లో మహిళలు,direct,u3-c22-revolutionary-peasant-movements,0,0,0,0,
ap-history-taxonomy-v1,3,22,u3-c22-womens-participation,Women's Participation,మహిళల భాగస్వామ్యం,u3-c22-prominent-women-regional-events,Prominent women and regional events,ప్రముఖ మహిళలు మరియు ప్రాంతీయ సంఘటనలు,ప్రముఖ మహిళలు మరియు ప్రాంతీయ సంఘటనలు,u3-c22-prominent-women,Prominent women,ప్రముఖ మహిళలు,direct,u3-c22-prominent-women,0,0,0,0,
ap-history-taxonomy-v1,3,22,u3-c22-womens-participation,Women's Participation,మహిళల భాగస్వామ్యం,u3-c22-prominent-women-regional-events,Prominent women and regional events,ప్రముఖ మహిళలు మరియు ప్రాంతీయ సంఘటనలు,ప్రముఖ మహిళలు మరియు ప్రాంతీయ సంఘటనలు,u3-c22-regional-events,Regional events,ప్రాంతీయ సంఘటనలు,direct,u3-c22-regional-events,0,0,0,0,
ap-history-taxonomy-v1,3,22,u3-c22-womens-participation,Women's Participation,మహిళల భాగస్వామ్యం,u3-c22-social-consequences,Social consequences,సామాజిక పరిణామాలు,సామాజిక పరిణామాలు,u3-c22-social-consequences,Social consequences,సామాజిక పరిణామాలు,direct,u3-c22-social-consequences,0,0,0,0,
ap-history-taxonomy-v1,4,23,u4-c23-andhra-movement-origin-growth,Origin and Growth of the Andhra Movement,ఆంధ్రోద్యమ ఆవిర్భావం మరియు వికాసం,u4-c23-linguistic-identity-roots,Roots of linguistic identity and its dimensions,భాషా గుర్తింపు మూలాలు మరియు దాని కోణాలు,భాషా గుర్తింపు మూలాలు మరియు దాని కోణాలు,u4-c23-linguistic-identity-roots,Roots of linguistic identity,భాషా గుర్తింపు మూలాలు,direct,u4-c23-linguistic-identity-roots,0,2,0,1,
ap-history-taxonomy-v1,4,23,u4-c23-andhra-movement-origin-growth,Origin and Growth of the Andhra Movement,ఆంధ్రోద్యమ ఆవిర్భావం మరియు వికాసం,u4-c23-linguistic-identity-roots,Roots of linguistic identity and its dimensions,భాషా గుర్తింపు మూలాలు మరియు దాని కోణాలు,భాషా గుర్తింపు మూలాలు మరియు దాని కోణాలు,u4-c23-political-cultural-dimensions,Political and cultural dimensions,రాజకీయ మరియు సాంస్కృతిక కోణాలు,direct,u4-c23-political-cultural-dimensions,0,2,0,1,
ap-history-taxonomy-v1,4,23,u4-c23-andhra-movement-origin-growth,Origin and Growth of the Andhra Movement,ఆంధ్రోద్యమ ఆవిర్భావం మరియు వికాసం,u4-c23-demand-andhra-province,Demand for a separate Andhra province,ప్రత్యేక ఆంధ్ర రాష్ట్ర డిమాండ్,ప్రత్యేక ఆంధ్ర రాష్ట్ర డిమాండ్,u4-c23-demand-for-andhra-province,Demand for a separate Andhra province,ప్రత్యేక ఆంధ్ర ప్రాంతం కోసం డిమాండ్,direct,u4-c23-demand-for-andhra-province,1,0,1,0,
ap-history-taxonomy-v1,4,23,u4-c23-andhra-movement-origin-growth,Origin and Growth of the Andhra Movement,ఆంధ్రోద్యమ ఆవిర్భావం మరియు వికాసం,u4-c23-organisations-conferences,"Early organisations, conferences and resolutions","తొలి సంస్థలు, సభలు మరియు తీర్మానాలు","తొలి సంస్థలు, సభలు మరియు తీర్మానాలు",u4-c23-early-organisations,Early organisations,తొలి సంస్థలు,direct,u4-c23-early-organisations,0,1,0,0,
ap-history-taxonomy-v1,4,23,u4-c23-andhra-movement-origin-growth,Origin and Growth of the Andhra Movement,ఆంధ్రోద్యమ ఆవిర్భావం మరియు వికాసం,u4-c23-organisations-conferences,"Early organisations, conferences and resolutions","తొలి సంస్థలు, సభలు మరియు తీర్మానాలు","తొలి సంస్థలు, సభలు మరియు తీర్మానాలు",u4-c23-important-conferences,Important conferences,ముఖ్య సభలు,direct,u4-c23-important-conferences,0,1,0,1,overlap
ap-history-taxonomy-v1,4,23,u4-c23-andhra-movement-origin-growth,Origin and Growth of the Andhra Movement,ఆంధ్రోద్యమ ఆవిర్భావం మరియు వికాసం,u4-c23-organisations-conferences,"Early organisations, conferences and resolutions","తొలి సంస్థలు, సభలు మరియు తీర్మానాలు","తొలి సంస్థలు, సభలు మరియు తీర్మానాలు",u4-c23-andhra-provincial-congress,Andhra Provincial Congress,ఆంధ్ర ప్రాంతీయ కాంగ్రెస్,direct,u4-c23-andhra-provincial-congress,0,1,0,0,
ap-history-taxonomy-v1,4,23,u4-c23-andhra-movement-origin-growth,Origin and Growth of the Andhra Movement,ఆంధ్రోద్యమ ఆవిర్భావం మరియు వికాసం,u4-c23-organisations-conferences,"Early organisations, conferences and resolutions","తొలి సంస్థలు, సభలు మరియు తీర్మానాలు","తొలి సంస్థలు, సభలు మరియు తీర్మానాలు",u4-c23-major-resolutions,Major resolutions,ముఖ్య తీర్మానాలు,direct,u4-c23-major-resolutions,0,1,0,0,duplicate;overlap
ap-history-taxonomy-v1,4,23,u4-c23-andhra-movement-origin-growth,Origin and Growth of the Andhra Movement,ఆంధ్రోద్యమ ఆవిర్భావం మరియు వికాసం,u4-c23-andhra-university,Andhra University,ఆంధ్ర విశ్వవిద్యాలయం,ఆంధ్ర విశ్వవిద్యాలయం,u4-c23-andhra-university,Andhra University,ఆంధ్ర విశ్వవిద్యాలయం,direct,u4-c23-andhra-university,0,0,0,0,
ap-history-taxonomy-v1,4,23,u4-c23-andhra-movement-origin-growth,Origin and Growth of the Andhra Movement,ఆంధ్రోద్యమ ఆవిర్భావం మరియు వికాసం,u4-c23-sri-bagh-pact,Sri Bagh Pact,శ్రీబాగ్ ఒప్పందం,శ్రీబాగ్ ఒప్పందం,u4-c23-sri-bagh-pact,Sri Bagh Pact,శ్రీబాగ్ ఒప్పందం,direct,u4-c23-sri-bagh-pact,1,1,1,1,
ap-history-taxonomy-v1,4,24,u4-c24-andhra-mahasabhas-leaders,Andhra Mahasabhas and Prominent Leaders,ఆంధ్ర మహాసభలు మరియు ప్రముఖ నాయకులు,u4-c24-sessions-resolutions,Sessions and resolutions of the Andhra Mahasabha,ఆంధ్ర మహాసభ సభలు మరియు తీర్మానాలు,ఆంధ్ర మహాసభ సభలు మరియు తీర్మానాలు,u4-c24-origin-sessions,Origin and sessions of the Andhra Mahasabhas,ఆంధ్ర మహాసభల ఆవిర్భావం మరియు సమావేశాలు,direct,u4-c24-origin-sessions,1,0,1,0,overlap
ap-history-taxonomy-v1,4,24,u4-c24-andhra-mahasabhas-leaders,Andhra Mahasabhas and Prominent Leaders,ఆంధ్ర మహాసభలు మరియు ప్రముఖ నాయకులు,u4-c24-sessions-resolutions,Sessions and resolutions of the Andhra Mahasabha,ఆంధ్ర మహాసభ సభలు మరియు తీర్మానాలు,ఆంధ్ర మహాసభ సభలు మరియు తీర్మానాలు,u4-c24-resolutions,Resolutions,తీర్మానాలు,direct,u4-c24-resolutions,1,0,0,0,duplicate;overlap
ap-history-taxonomy-v1,4,24,u4-c24-andhra-mahasabhas-leaders,Andhra Mahasabhas and Prominent Leaders,ఆంధ్ర మహాసభలు మరియు ప్రముఖ నాయకులు,u4-c24-organisational-development,Organisational development,సంస్థాగత అభివృద్ధి,సంస్థాగత అభివృద్ధి,u4-c24-organisational-development,Organisational development,సంస్థాగత అభివృద్ధి,direct,u4-c24-organisational-development,0,0,0,0,
ap-history-taxonomy-v1,4,24,u4-c24-andhra-mahasabhas-leaders,Andhra Mahasabhas and Prominent Leaders,ఆంధ్ర మహాసభలు మరియు ప్రముఖ నాయకులు,u4-c24-leaders-differences,Leaders and ideological differences,నాయకులు మరియు సైద్ధాంతిక విభేదాలు,నాయకులు మరియు సైద్ధాంతిక విభేదాలు,u4-c24-major-leaders,Major leaders,ప్రముఖ నాయకులు,direct,u4-c24-major-leaders,0,1,0,1,
ap-history-taxonomy-v1,4,24,u4-c24-andhra-mahasabhas-leaders,Andhra Mahasabhas and Prominent Leaders,ఆంధ్ర మహాసభలు మరియు ప్రముఖ నాయకులు,u4-c24-leaders-differences,Leaders and ideological differences,నాయకులు మరియు సైద్ధాంతిక విభేదాలు,నాయకులు మరియు సైద్ధాంతిక విభేదాలు,u4-c24-ideological-differences,Ideological differences,సైద్ధాంతిక భేదాలు,direct,u4-c24-ideological-differences,0,1,0,0,
ap-history-taxonomy-v1,4,24,u4-c24-andhra-mahasabhas-leaders,Andhra Mahasabhas and Prominent Leaders,ఆంధ్ర మహాసభలు మరియు ప్రముఖ నాయకులు,u4-c24-contribution-state-formation,Contribution to state formation,రాష్ట్ర ఏర్పాటులో పాత్ర,రాష్ట్ర ఏర్పాటులో పాత్ర,u4-c24-contribution-to-state-formation,Contribution to state formation,రాష్ట్ర ఏర్పాటుకు తోడ్పాటు,direct,u4-c24-contribution-to-state-formation,0,0,0,0,
ap-history-taxonomy-v1,4,25,u4-c25-press-library-movement,"Press, Newspapers and the Library Movement","పత్రికలు, వార్తాపత్రికలు మరియు గ్రంథాలయోద్యమం",u4-c25-newspapers,"Telugu newspapers (Krishna Patrika, Andhra Patrika and others)","తెలుగు పత్రికలు (కృష్ణా పత్రిక, ఆంధ్ర పత్రిక మొదలైనవి)","తెలుగు పత్రికలు (కృష్ణా పత్రిక, ఆంధ్ర పత్రిక మొదలైనవి)",u4-c25-krishna-patrika,Krishna Patrika,కృష్ణా పత్రిక,direct,u4-c25-krishna-patrika,0,0,0,0,narrow
ap-history-taxonomy-v1,4,25,u4-c25-press-library-movement,"Press, Newspapers and the Library Movement","పత్రికలు, వార్తాపత్రికలు మరియు గ్రంథాలయోద్యమం",u4-c25-newspapers,"Telugu newspapers (Krishna Patrika, Andhra Patrika and others)","తెలుగు పత్రికలు (కృష్ణా పత్రిక, ఆంధ్ర పత్రిక మొదలైనవి)","తెలుగు పత్రికలు (కృష్ణా పత్రిక, ఆంధ్ర పత్రిక మొదలైనవి)",u4-c25-andhra-patrika,Andhra Patrika,ఆంధ్ర పత్రిక,direct,u4-c25-andhra-patrika,0,0,0,0,narrow
ap-history-taxonomy-v1,4,25,u4-c25-press-library-movement,"Press, Newspapers and the Library Movement","పత్రికలు, వార్తాపత్రికలు మరియు గ్రంథాలయోద్యమం",u4-c25-newspapers,"Telugu newspapers (Krishna Patrika, Andhra Patrika and others)","తెలుగు పత్రికలు (కృష్ణా పత్రిక, ఆంధ్ర పత్రిక మొదలైనవి)","తెలుగు పత్రికలు (కృష్ణా పత్రిక, ఆంధ్ర పత్రిక మొదలైనవి)",u4-c25-other-newspapers,Other newspapers,ఇతర పత్రికలు,direct,u4-c25-other-newspapers,0,0,0,0,
ap-history-taxonomy-v1,4,25,u4-c25-press-library-movement,"Press, Newspapers and the Library Movement","పత్రికలు, వార్తాపత్రికలు మరియు గ్రంథాలయోద్యమం",u4-c25-journalists-press-mobilisation,"Journalists, editors and press mobilisation","పాత్రికేయులు, సంపాదకులు మరియు పత్రికల ప్రజా సమీకరణ","పాత్రికేయులు, సంపాదకులు మరియు పత్రికల ప్రజా సమీకరణ",u4-c25-journalists-editors,Journalists and editors,పాత్రికేయులు మరియు సంపాదకులు,direct,u4-c25-journalists-editors,0,2,0,0,
ap-history-taxonomy-v1,4,25,u4-c25-press-library-movement,"Press, Newspapers and the Library Movement","పత్రికలు, వార్తాపత్రికలు మరియు గ్రంథాలయోద్యమం",u4-c25-journalists-press-mobilisation,"Journalists, editors and press mobilisation","పాత్రికేయులు, సంపాదకులు మరియు పత్రికల ప్రజా సమీకరణ","పాత్రికేయులు, సంపాదకులు మరియు పత్రికల ప్రజా సమీకరణ",u4-c25-press-political-mobilisation,Press and political mobilisation,పత్రికలు మరియు రాజకీయ చైతన్యం,direct,u4-c25-press-political-mobilisation,0,2,0,2,
ap-history-taxonomy-v1,4,25,u4-c25-press-library-movement,"Press, Newspapers and the Library Movement","పత్రికలు, వార్తాపత్రికలు మరియు గ్రంథాలయోద్యమం",u4-c25-library-movement,Library movement,గ్రంథాలయోద్యమం,గ్రంథాలయోద్యమం,u4-c25-library-movement,Library Movement,గ్రంథాలయోద్యమం,direct,u4-c25-library-movement,0,1,0,1,
ap-history-taxonomy-v1,4,25,u4-c25-press-library-movement,"Press, Newspapers and the Library Movement","పత్రికలు, వార్తాపత్రికలు మరియు గ్రంథాలయోద్యమం",u4-c25-library-movement,Library movement,గ్రంథాలయోద్యమం,గ్రంథాలయోద్యమం,u4-c25-ayyanki-venkata-ramanayya,Ayyanki Venkata Ramanayya,అయ్యంకి వెంకటరమణయ్య,direct,u4-c25-ayyanki-venkata-ramanayya,0,1,0,0,narrow
ap-history-taxonomy-v1,4,25,u4-c25-press-library-movement,"Press, Newspapers and the Library Movement","పత్రికలు, వార్తాపత్రికలు మరియు గ్రంథాలయోద్యమం",u4-c25-library-movement,Library movement,గ్రంథాలయోద్యమం,గ్రంథాలయోద్యమం,u4-c25-andhra-desa-library-association,Andhra Desa Library Association,ఆంధ్ర దేశ గ్రంథాలయ సంఘం,direct,u4-c25-andhra-desa-library-association,0,1,0,0,overlap
ap-history-taxonomy-v1,4,25,u4-c25-press-library-movement,"Press, Newspapers and the Library Movement","పత్రికలు, వార్తాపత్రికలు మరియు గ్రంథాలయోద్యమం",u4-c25-library-movement,Library movement,గ్రంథాలయోద్యమం,గ్రంథాలయోద్యమం,u4-c25-libraries-public-awakening,Libraries as centres of public awakening,ప్రజా చైతన్య కేంద్రాలుగా గ్రంథాలయాలు,direct,u4-c25-libraries-public-awakening,0,1,0,0,overlap;duplicate
ap-history-taxonomy-v1,4,25,u4-c25-press-library-movement,"Press, Newspapers and the Library Movement","పత్రికలు, వార్తాపత్రికలు మరియు గ్రంథాలయోద్యమం",u4-c25-literary-organisations,Language and literary organisations,భాషా మరియు సాహిత్య సంస్థలు,భాషా మరియు సాహిత్య సంస్థలు,u4-c25-language-literary-organisations,Language and literary organisations,భాషా మరియు సాహిత్య సంస్థలు,direct,u4-c25-language-literary-organisations,0,0,0,0,
ap-history-taxonomy-v1,4,26,u4-c26-folk-tribal-culture,Folk and Tribal Culture,జానపద మరియు గిరిజన సంస్కృతి,u4-c26-folk-performing-arts,"Folk performing arts (Harikatha, Burrakatha, Tholu Bommalata)","జానపద ప్రదర్శన కళలు (హరికథ, బుర్రకథ, తోలుబొమ్మలాట)","జానపద ప్రదర్శన కళలు (హరికథ, బుర్రకథ, తోలుబొమ్మలాట)",u4-c26-folk-traditions,Folk traditions of Andhra,ఆంధ్ర జానపద సంప్రదాయాలు,direct,u4-c26-folk-traditions,0,1,0,1,overlap
ap-history-taxonomy-v1,4,26,u4-c26-folk-tribal-culture,Folk and Tribal Culture,జానపద మరియు గిరిజన సంస్కృతి,u4-c26-folk-performing-arts,"Folk performing arts (Harikatha, Burrakatha, Tholu Bommalata)","జానపద ప్రదర్శన కళలు (హరికథ, బుర్రకథ, తోలుబొమ్మలాట)","జానపద ప్రదర్శన కళలు (హరికథ, బుర్రకథ, తోలుబొమ్మలాట)",u4-c26-harikatha,Harikatha,హరికథ,direct,u4-c26-harikatha,0,1,0,0,narrow
ap-history-taxonomy-v1,4,26,u4-c26-folk-tribal-culture,Folk and Tribal Culture,జానపద మరియు గిరిజన సంస్కృతి,u4-c26-folk-performing-arts,"Folk performing arts (Harikatha, Burrakatha, Tholu Bommalata)","జానపద ప్రదర్శన కళలు (హరికథ, బుర్రకథ, తోలుబొమ్మలాట)","జానపద ప్రదర్శన కళలు (హరికథ, బుర్రకథ, తోలుబొమ్మలాట)",u4-c26-burrakatha,Burrakatha,బుర్రకథ,direct,u4-c26-burrakatha,0,1,0,0,narrow
ap-history-taxonomy-v1,4,26,u4-c26-folk-tribal-culture,Folk and Tribal Culture,జానపద మరియు గిరిజన సంస్కృతి,u4-c26-folk-performing-arts,"Folk performing arts (Harikatha, Burrakatha, Tholu Bommalata)","జానపద ప్రదర్శన కళలు (హరికథ, బుర్రకథ, తోలుబొమ్మలాట)","జానపద ప్రదర్శన కళలు (హరికథ, బుర్రకథ, తోలుబొమ్మలాట)",u4-c26-tholu-bommalata,Tholu Bommalata,తోలుబొమ్మలాట,direct,u4-c26-tholu-bommalata,0,1,0,0,narrow
ap-history-taxonomy-v1,4,26,u4-c26-folk-tribal-culture,Folk and Tribal Culture,జానపద మరియు గిరిజన సంస్కృతి,u4-c26-folk-performing-arts,"Folk performing arts (Harikatha, Burrakatha, Tholu Bommalata)","జానపద ప్రదర్శన కళలు (హరికథ, బుర్రకథ, తోలుబొమ్మలాట)","జానపద ప్రదర్శన కళలు (హరికథ, బుర్రకథ, తోలుబొమ్మలాట)",u4-c26-regional-dance-performance,Regional dance and performance traditions,ప్రాంతీయ నృత్య మరియు ప్రదర్శన సంప్రదాయాలు,direct,u4-c26-regional-dance-performance,0,1,0,0,
ap-history-taxonomy-v1,4,26,u4-c26-folk-tribal-culture,Folk and Tribal Culture,జానపద మరియు గిరిజన సంస్కృతి,u4-c26-tribal-communities,Major tribal communities,ప్రధాన గిరిజన సమూహాలు,ప్రధాన గిరిజన సమూహాలు,u4-c26-major-tribal-communities,Major tribal communities,ప్రధాన గిరిజన తెగలు,direct,u4-c26-major-tribal-communities,0,2,0,2,
ap-history-taxonomy-v1,4,26,u4-c26-folk-tribal-culture,Folk and Tribal Culture,జానపద మరియు గిరిజన సంస్కృతి,u4-c26-tribal-customs-festivals,Tribal customs and festivals,గిరిజన ఆచారాలు మరియు పండుగలు,గిరిజన ఆచారాలు మరియు పండుగలు,u4-c26-tribal-customs-festivals,Tribal customs and festivals,గిరిజన ఆచారాలు మరియు పండుగలు,direct,u4-c26-tribal-customs-festivals,0,0,0,0,
ap-history-taxonomy-v1,4,26,u4-c26-folk-tribal-culture,Folk and Tribal Culture,జానపద మరియు గిరిజన సంస్కృతి,u4-c26-tribal-resistance,Tribal resistance and context,గిరిజన ప్రతిఘటన మరియు సందర్భం,గిరిజన ప్రతిఘటన మరియు సందర్భం,u4-c26-tribal-resistance,Tribal resistance (where directly relevant),గిరిజన ప్రతిఘటన (నేరుగా సంబంధించిన చోట),direct,u4-c26-tribal-resistance,0,2,0,2,
ap-history-taxonomy-v1,4,26,u4-c26-folk-tribal-culture,Folk and Tribal Culture,జానపద మరియు గిరిజన సంస్కృతి,u4-c26-identity-mobilisation,Cultural identity and mobilisation,సాంస్కృతిక గుర్తింపు మరియు సమీకరణ,సాంస్కృతిక గుర్తింపు మరియు సమీకరణ,u4-c26-identity-mobilisation,Role in social identity and mobilisation,సామాజిక గుర్తింపు మరియు చైతన్యంలో పాత్ర,direct,u4-c26-identity-mobilisation,0,0,0,0,
ap-history-taxonomy-v1,4,27,u4-c27-formation-andhra-state-1953,"Formation of Andhra State, 1953",ఆంధ్ర రాష్ట్ర ఏర్పాటు (1953),u4-c27-background-committees,"Background, Dhar Commission and JVP Committee","నేపథ్యం, ధార్ కమిషన్ మరియు జె.వి.పి. కమిటీ","నేపథ్యం, ధార్ కమిషన్ మరియు జె.వి.పి. కమిటీ",u4-c27-constitutional-political-background,Constitutional and political background,రాజ్యాంగ మరియు రాజకీయ నేపథ్యం,direct,u4-c27-constitutional-political-background,0,0,0,0,
ap-history-taxonomy-v1,4,27,u4-c27-formation-andhra-state-1953,"Formation of Andhra State, 1953",ఆంధ్ర రాష్ట్ర ఏర్పాటు (1953),u4-c27-background-committees,"Background, Dhar Commission and JVP Committee","నేపథ్యం, ధార్ కమిషన్ మరియు జె.వి.పి. కమిటీ","నేపథ్యం, ధార్ కమిషన్ మరియు జె.వి.పి. కమిటీ",u4-c27-dhar-commission,Dhar Commission,ధార్ కమిషన్,direct,u4-c27-dhar-commission,0,0,0,0,
ap-history-taxonomy-v1,4,27,u4-c27-formation-andhra-state-1953,"Formation of Andhra State, 1953",ఆంధ్ర రాష్ట్ర ఏర్పాటు (1953),u4-c27-background-committees,"Background, Dhar Commission and JVP Committee","నేపథ్యం, ధార్ కమిషన్ మరియు జె.వి.పి. కమిటీ","నేపథ్యం, ధార్ కమిషన్ మరియు జె.వి.పి. కమిటీ",u4-c27-jvp-committee,JVP Committee,జె.వి.పి. కమిటీ (JVP Committee),direct,u4-c27-jvp-committee,0,0,0,0,
ap-history-taxonomy-v1,4,27,u4-c27-formation-andhra-state-1953,"Formation of Andhra State, 1953",ఆంధ్ర రాష్ట్ర ఏర్పాటు (1953),u4-c27-potti-sriramulu-agitation,Potti Sriramulu's fast and the agitation,పొట్టి శ్రీరాములు నిరాహార దీక్ష మరియు ఉద్యమం,పొట్టి శ్రీరాములు నిరాహార దీక్ష మరియు ఉద్యమం,u4-c27-swami-sitaram,Swami Sitaram,స్వామి సీతారాం,direct,u4-c27-swami-sitaram,1,0,0,0,narrow
ap-history-taxonomy-v1,4,27,u4-c27-formation-andhra-state-1953,"Formation of Andhra State, 1953",ఆంధ్ర రాష్ట్ర ఏర్పాటు (1953),u4-c27-potti-sriramulu-agitation,Potti Sriramulu's fast and the agitation,పొట్టి శ్రీరాములు నిరాహార దీక్ష మరియు ఉద్యమం,పొట్టి శ్రీరాములు నిరాహార దీక్ష మరియు ఉద్యమం,u4-c27-potti-sriramulu,Potti Sriramulu,పొట్టి శ్రీరాములు,direct,u4-c27-potti-sriramulu,1,0,0,1,duplicate;overlap
ap-history-taxonomy-v1,4,27,u4-c27-formation-andhra-state-1953,"Formation of Andhra State, 1953",ఆంధ్ర రాష్ట్ర ఏర్పాటు (1953),u4-c27-potti-sriramulu-agitation,Potti Sriramulu's fast and the agitation,పొట్టి శ్రీరాములు నిరాహార దీక్ష మరియు ఉద్యమం,పొట్టి శ్రీరాములు నిరాహార దీక్ష మరియు ఉద్యమం,u4-c27-fast-and-death,Potti Sriramulu's fast and death,పొట్టి శ్రీరాములు నిరాహార దీక్ష మరియు మరణం,direct,u4-c27-fast-and-death,1,0,1,0,duplicate;overlap
ap-history-taxonomy-v1,4,27,u4-c27-formation-andhra-state-1953,"Formation of Andhra State, 1953",ఆంధ్ర రాష్ట్ర ఏర్పాటు (1953),u4-c27-potti-sriramulu-agitation,Potti Sriramulu's fast and the agitation,పొట్టి శ్రీరాములు నిరాహార దీక్ష మరియు ఉద్యమం,పొట్టి శ్రీరాములు నిరాహార దీక్ష మరియు ఉద్యమం,u4-c27-public-response,Public response,ప్రజా స్పందన,direct,u4-c27-public-response,1,0,0,0,
ap-history-taxonomy-v1,4,27,u4-c27-formation-andhra-state-1953,"Formation of Andhra State, 1953",ఆంధ్ర రాష్ట్ర ఏర్పాటు (1953),u4-c27-madras-question,Madras question,మద్రాసు సమస్య,మద్రాసు సమస్య,u4-c27-madras-question,Madras question,మద్రాసు సమస్య,direct,u4-c27-madras-question,0,0,0,0,
ap-history-taxonomy-v1,4,27,u4-c27-formation-andhra-state-1953,"Formation of Andhra State, 1953",ఆంధ్ర రాష్ట్ర ఏర్పాటు (1953),u4-c27-formation-andhra-state,Formation of Andhra State and the capital,ఆంధ్ర రాష్ట్ర ఏర్పాటు మరియు రాజధాని,ఆంధ్ర రాష్ట్ర ఏర్పాటు మరియు రాజధాని,u4-c27-formation-of-andhra-state,Formation of Andhra State,ఆంధ్ర రాష్ట్ర ఏర్పాటు,direct,u4-c27-formation-of-andhra-state,3,0,2,0,
ap-history-taxonomy-v1,4,27,u4-c27-formation-andhra-state-1953,"Formation of Andhra State, 1953",ఆంధ్ర రాష్ట్ర ఏర్పాటు (1953),u4-c27-formation-andhra-state,Formation of Andhra State and the capital,ఆంధ్ర రాష్ట్ర ఏర్పాటు మరియు రాజధాని,ఆంధ్ర రాష్ట్ర ఏర్పాటు మరియు రాజధాని,u4-c27-kurnool-capital,Kurnool as capital,కర్నూలు రాజధానిగా,direct,u4-c27-kurnool-capital,3,0,0,1,
ap-history-taxonomy-v1,4,27,u4-c27-formation-andhra-state-1953,"Formation of Andhra State, 1953",ఆంధ్ర రాష్ట్ర ఏర్పాటు (1953),u4-c27-formation-andhra-state,Formation of Andhra State and the capital,ఆంధ్ర రాష్ట్ర ఏర్పాటు మరియు రాజధాని,ఆంధ్ర రాష్ట్ర ఏర్పాటు మరియు రాజధాని,u4-c27-tanguturi-prakasam,Tanguturi Prakasam,టంగుటూరి ప్రకాశం,direct,u4-c27-tanguturi-prakasam,3,0,1,0,narrow;note_driven
ap-history-taxonomy-v1,4,27,u4-c27-formation-andhra-state-1953,"Formation of Andhra State, 1953",ఆంధ్ర రాష్ట్ర ఏర్పాటు (1953),u4-c27-consequences,Consequences,పరిణామాలు,పరిణామాలు,u4-c27-consequences,Consequences,పరిణామాలు,direct,u4-c27-consequences,0,1,0,1,
ap-history-taxonomy-v1,5,28,u5-c28-visalandhra-movement-mahasabha,Visalandhra Movement and Visalandhra Mahasabha,విశాలాంధ్ర ఉద్యమం మరియు విశాలాంధ్ర మహాసభ,u5-c28-visalandhra-idea,Visalandhra idea and its arguments,విశాలాంధ్ర భావన మరియు వాదనలు,విశాలాంధ్ర భావన మరియు వాదనలు,u5-c28-visalandhra-idea,Visalandhra idea,విశాలాంధ్ర భావన,direct,u5-c28-visalandhra-idea,0,1,0,0,
ap-history-taxonomy-v1,5,28,u5-c28-visalandhra-movement-mahasabha,Visalandhra Movement and Visalandhra Mahasabha,విశాలాంధ్ర ఉద్యమం మరియు విశాలాంధ్ర మహాసభ,u5-c28-visalandhra-idea,Visalandhra idea and its arguments,విశాలాంధ్ర భావన మరియు వాదనలు,విశాలాంధ్ర భావన మరియు వాదనలు,u5-c28-linguistic-political-arguments,Linguistic and political arguments,భాషా మరియు రాజకీయ వాదనలు,direct,u5-c28-linguistic-political-arguments,0,1,0,1,overlap
ap-history-taxonomy-v1,5,28,u5-c28-visalandhra-movement-mahasabha,Visalandhra Movement and Visalandhra Mahasabha,విశాలాంధ్ర ఉద్యమం మరియు విశాలాంధ్ర మహాసభ,u5-c28-visalandhra-mahasabha,Visalandhra Mahasabha and its resolutions,విశాలాంధ్ర మహాసభ మరియు తీర్మానాలు,విశాలాంధ్ర మహాసభ మరియు తీర్మానాలు,u5-c28-visalandhra-mahasabha,Visalandhra Mahasabha,విశాలాంధ్ర మహాసభ,direct,u5-c28-visalandhra-mahasabha,0,1,0,1,
ap-history-taxonomy-v1,5,28,u5-c28-visalandhra-movement-mahasabha,Visalandhra Movement and Visalandhra Mahasabha,విశాలాంధ్ర ఉద్యమం మరియు విశాలాంధ్ర మహాసభ,u5-c28-visalandhra-mahasabha,Visalandhra Mahasabha and its resolutions,విశాలాంధ్ర మహాసభ మరియు తీర్మానాలు,విశాలాంధ్ర మహాసభ మరియు తీర్మానాలు,u5-c28-meetings-resolutions,Important meetings and resolutions,ముఖ్య సమావేశాలు మరియు తీర్మానాలు,direct,u5-c28-meetings-resolutions,0,1,0,0,
ap-history-taxonomy-v1,5,28,u5-c28-visalandhra-movement-mahasabha,Visalandhra Movement and Visalandhra Mahasabha,విశాలాంధ్ర ఉద్యమం మరియు విశాలాంధ్ర మహాసభ,u5-c28-supporters-opponents,Supporters and opponents,మద్దతుదారులు మరియు వ్యతిరేకులు,మద్దతుదారులు మరియు వ్యతిరేకులు,u5-c28-supporters-opponents,Prominent supporters and opponents,ప్రముఖ మద్దతుదారులు మరియు వ్యతిరేకులు,direct,u5-c28-supporters-opponents,0,1,0,1,
ap-history-taxonomy-v1,5,28,u5-c28-visalandhra-movement-mahasabha,Visalandhra Movement and Visalandhra Mahasabha,విశాలాంధ్ర ఉద్యమం మరియు విశాలాంధ్ర మహాసభ,u5-c28-merger-debate,Andhra–Telangana merger debate,ఆంధ్ర–తెలంగాణ విలీన చర్చ,ఆంధ్ర–తెలంగాణ విలీన చర్చ,u5-c28-andhra-telangana-merger-debate,Andhra–Telangana merger debate,ఆంధ్ర–తెలంగాణ విలీన చర్చ,direct,u5-c28-andhra-telangana-merger-debate,2,0,2,0,overlap
ap-history-taxonomy-v1,5,29,u5-c29-states-reorganisation-commission,States Reorganisation Commission,రాష్ట్రాల పునర్వ్యవస్థీకరణ సంఘం (SRC),u5-c29-src-formation-terms,"Formation, members and terms of reference of the SRC","రాష్ట్రాల పునర్వ్యవస్థీకరణ సంఘం (SRC) ఏర్పాటు, సభ్యులు మరియు విధివిధానాలు","రాష్ట్రాల పునర్వ్యవస్థీకరణ సంఘం (SRC) ఏర్పాటు, సభ్యులు మరియు విధివిధానాలు",u5-c29-formation-members,Formation and members,రాష్ట్రాల పునర్వ్యవస్థీకరణ సంఘం (SRC) ఏర్పాటు మరియు సభ్యులు,direct,u5-c29-formation-members,1,0,1,0,
ap-history-taxonomy-v1,5,29,u5-c29-states-reorganisation-commission,States Reorganisation Commission,రాష్ట్రాల పునర్వ్యవస్థీకరణ సంఘం (SRC),u5-c29-src-formation-terms,"Formation, members and terms of reference of the SRC","రాష్ట్రాల పునర్వ్యవస్థీకరణ సంఘం (SRC) ఏర్పాటు, సభ్యులు మరియు విధివిధానాలు","రాష్ట్రాల పునర్వ్యవస్థీకరణ సంఘం (SRC) ఏర్పాటు, సభ్యులు మరియు విధివిధానాలు",u5-c29-terms-of-reference,Terms of reference,విధివిధానాలు (నిబంధనలు),direct,u5-c29-terms-of-reference,1,0,0,1,
ap-history-taxonomy-v1,5,29,u5-c29-states-reorganisation-commission,States Reorganisation Commission,రాష్ట్రాల పునర్వ్యవస్థీకరణ సంఘం (SRC),u5-c29-evidence-arguments,Evidence and arguments on Andhra and Telangana,ఆంధ్ర–తెలంగాణ సాక్ష్యాలు మరియు వాదనలు,ఆంధ్ర–తెలంగాణ సాక్ష్యాలు మరియు వాదనలు,u5-c29-andhra-telangana-evidence,Andhra and Telangana evidence,ఆంధ్ర మరియు తెలంగాణ సాక్ష్యాలు,direct,u5-c29-andhra-telangana-evidence,0,0,0,0,
ap-history-taxonomy-v1,5,29,u5-c29-states-reorganisation-commission,States Reorganisation Commission,రాష్ట్రాల పునర్వ్యవస్థీకరణ సంఘం (SRC),u5-c29-evidence-arguments,Evidence and arguments on Andhra and Telangana,ఆంధ్ర–తెలంగాణ సాక్ష్యాలు మరియు వాదనలు,ఆంధ్ర–తెలంగాణ సాక్ష్యాలు మరియు వాదనలు,u5-c29-arguments-separate-telangana,Arguments for a separate Telangana,ప్రత్యేక తెలంగాణ కోసం వాదనలు,direct,u5-c29-arguments-separate-telangana,0,0,0,0,no_source;overlap
ap-history-taxonomy-v1,5,29,u5-c29-states-reorganisation-commission,States Reorganisation Commission,రాష్ట్రాల పునర్వ్యవస్థీకరణ సంఘం (SRC),u5-c29-recommendations,Recommendations,సిఫార్సులు,సిఫార్సులు,u5-c29-recommendations,Recommendations,సిఫారసులు,direct,u5-c29-recommendations,1,0,1,0,
ap-history-taxonomy-v1,5,29,u5-c29-states-reorganisation-commission,States Reorganisation Commission,రాష్ట్రాల పునర్వ్యవస్థీకరణ సంఘం (SRC),u5-c29-merger-conditions-responses,Conditions for merger and political responses,విలీన షరతులు మరియు రాజకీయ స్పందనలు,విలీన షరతులు మరియు రాజకీయ స్పందనలు,u5-c29-conditions-for-merger,Conditions suggested for merger,విలీనానికి సూచించిన షరతులు,direct,u5-c29-conditions-for-merger,0,0,0,0,overlap
ap-history-taxonomy-v1,5,29,u5-c29-states-reorganisation-commission,States Reorganisation Commission,రాష్ట్రాల పునర్వ్యవస్థీకరణ సంఘం (SRC),u5-c29-merger-conditions-responses,Conditions for merger and political responses,విలీన షరతులు మరియు రాజకీయ స్పందనలు,విలీన షరతులు మరియు రాజకీయ స్పందనలు,u5-c29-political-responses,Political responses,రాజకీయ స్పందనలు,direct,u5-c29-political-responses,0,0,0,0,
ap-history-taxonomy-v1,5,30,u5-c30-gentlemens-agreement-formation-ap,Gentlemen's Agreement and Formation of Andhra Pradesh,పెద్దమనుషుల ఒప్పందం మరియు ఆంధ్రప్రదేశ్ ఏర్పాటు,u5-c30-gentlemens-agreement,"Gentlemen's Agreement: negotiations, signatories, provisions and safeguards","పెద్దమనుషుల ఒప్పందం (జెంటిల్మెన్స్ అగ్రిమెంట్): చర్చలు, సంతకందారులు, నిబంధనలు మరియు రక్షణలు","పెద్దమనుషుల ఒప్పందం (జెంటిల్మెన్స్ అగ్రిమెంట్): చర్చలు, సంతకందారులు, నిబంధనలు మరియు రక్షణలు",u5-c30-negotiations,Negotiations,చర్చలు,direct,u5-c30-negotiations,2,2,0,1,overlap
ap-history-taxonomy-v1,5,30,u5-c30-gentlemens-agreement-formation-ap,Gentlemen's Agreement and Formation of Andhra Pradesh,పెద్దమనుషుల ఒప్పందం మరియు ఆంధ్రప్రదేశ్ ఏర్పాటు,u5-c30-gentlemens-agreement,"Gentlemen's Agreement: negotiations, signatories, provisions and safeguards","పెద్దమనుషుల ఒప్పందం (జెంటిల్మెన్స్ అగ్రిమెంట్): చర్చలు, సంతకందారులు, నిబంధనలు మరియు రక్షణలు","పెద్దమనుషుల ఒప్పందం (జెంటిల్మెన్స్ అగ్రిమెంట్): చర్చలు, సంతకందారులు, నిబంధనలు మరియు రక్షణలు",u5-c30-signatories,Signatories,సంతకందారులు,direct,u5-c30-signatories,2,2,0,1,overlap;narrow
ap-history-taxonomy-v1,5,30,u5-c30-gentlemens-agreement-formation-ap,Gentlemen's Agreement and Formation of Andhra Pradesh,పెద్దమనుషుల ఒప్పందం మరియు ఆంధ్రప్రదేశ్ ఏర్పాటు,u5-c30-gentlemens-agreement,"Gentlemen's Agreement: negotiations, signatories, provisions and safeguards","పెద్దమనుషుల ఒప్పందం (జెంటిల్మెన్స్ అగ్రిమెంట్): చర్చలు, సంతకందారులు, నిబంధనలు మరియు రక్షణలు","పెద్దమనుషుల ఒప్పందం (జెంటిల్మెన్స్ అగ్రిమెంట్): చర్చలు, సంతకందారులు, నిబంధనలు మరియు రక్షణలు",u5-c30-provisions,Provisions,ఒప్పంద నిబంధనలు,direct,u5-c30-provisions,2,2,1,0,overlap
ap-history-taxonomy-v1,5,30,u5-c30-gentlemens-agreement-formation-ap,Gentlemen's Agreement and Formation of Andhra Pradesh,పెద్దమనుషుల ఒప్పందం మరియు ఆంధ్రప్రదేశ్ ఏర్పాటు,u5-c30-gentlemens-agreement,"Gentlemen's Agreement: negotiations, signatories, provisions and safeguards","పెద్దమనుషుల ఒప్పందం (జెంటిల్మెన్స్ అగ్రిమెంట్): చర్చలు, సంతకందారులు, నిబంధనలు మరియు రక్షణలు","పెద్దమనుషుల ఒప్పందం (జెంటిల్మెన్స్ అగ్రిమెంట్): చర్చలు, సంతకందారులు, నిబంధనలు మరియు రక్షణలు",u5-c30-regional-safeguards,Regional safeguards,ప్రాంతీయ రక్షణలు,direct,u5-c30-regional-safeguards,2,2,1,2,overlap
ap-history-taxonomy-v1,5,30,u5-c30-gentlemens-agreement-formation-ap,Gentlemen's Agreement and Formation of Andhra Pradesh,పెద్దమనుషుల ఒప్పందం మరియు ఆంధ్రప్రదేశ్ ఏర్పాటు,u5-c30-merger-formation,"Merger process and formation of Andhra Pradesh, 1 November 1956",విలీన ప్రక్రియ మరియు ఆంధ్రప్రదేశ్ ఏర్పాటు (1956 నవంబర్ 1),విలీన ప్రక్రియ మరియు ఆంధ్రప్రదేశ్ ఏర్పాటు (1956 నవంబర్ 1),u5-c30-merger-process,Merger process,విలీన ప్రక్రియ,direct,u5-c30-merger-process,1,0,0,0,overlap
ap-history-taxonomy-v1,5,30,u5-c30-gentlemens-agreement-formation-ap,Gentlemen's Agreement and Formation of Andhra Pradesh,పెద్దమనుషుల ఒప్పందం మరియు ఆంధ్రప్రదేశ్ ఏర్పాటు,u5-c30-merger-formation,"Merger process and formation of Andhra Pradesh, 1 November 1956",విలీన ప్రక్రియ మరియు ఆంధ్రప్రదేశ్ ఏర్పాటు (1956 నవంబర్ 1),విలీన ప్రక్రియ మరియు ఆంధ్రప్రదేశ్ ఏర్పాటు (1956 నవంబర్ 1),u5-c30-formation-1-november-1956,Formation on 1 November 1956,1956 నవంబరు 1న ఏర్పాటు,direct,u5-c30-formation-1-november-1956,1,0,1,0,
ap-history-taxonomy-v1,5,30,u5-c30-gentlemens-agreement-formation-ap,Gentlemen's Agreement and Formation of Andhra Pradesh,పెద్దమనుషుల ఒప్పందం మరియు ఆంధ్రప్రదేశ్ ఏర్పాటు,u5-c30-hyderabad-capital,Hyderabad as capital,హైదరాబాద్ రాజధానిగా,హైదరాబాద్ రాజధానిగా,u5-c30-hyderabad-capital,Hyderabad as capital,హైదరాబాద్ రాజధానిగా,direct,u5-c30-hyderabad-capital,0,0,0,0,
ap-history-taxonomy-v1,5,30,u5-c30-gentlemens-agreement-formation-ap,Gentlemen's Agreement and Formation of Andhra Pradesh,పెద్దమనుషుల ఒప్పందం మరియు ఆంధ్రప్రదేశ్ ఏర్పాటు,u5-c30-implementation-issues,Implementation issues,అమలు సమస్యలు,అమలు సమస్యలు,u5-c30-implementation-issues,Implementation issues,అమలులో సమస్యలు,direct,u5-c30-implementation-issues,0,1,0,1,
ap-history-taxonomy-v1,5,30,u5-c30-gentlemens-agreement-formation-ap,Gentlemen's Agreement and Formation of Andhra Pradesh,పెద్దమనుషుల ఒప్పందం మరియు ఆంధ్రప్రదేశ్ ఏర్పాటు,u5-c30-long-term-significance,Long-term significance,దీర్ఘకాలిక ప్రాధాన్యత,దీర్ఘకాలిక ప్రాధాన్యత,u5-c30-long-term-significance,Long-term significance,దీర్ఘకాలిక ప్రాధాన్యం,direct,u5-c30-long-term-significance,0,1,0,1,
ap-history-taxonomy-v1,5,31,u5-c31-social-cultural-events-1956-2014,"Important Social and Cultural Events, 1956–2014",ముఖ్యమైన సామాజిక మరియు సాంస్కృతిక సంఘటనలు (1956–2014),u5-c31-language-education,Official language and education,అధికార భాష మరియు విద్య,అధికార భాష మరియు విద్య,u5-c31-official-language-telugu,Official language and Telugu development,అధికార భాష మరియు తెలుగు అభివృద్ధి,direct,u5-c31-official-language-telugu,0,1,0,1,overlap
ap-history-taxonomy-v1,5,31,u5-c31-social-cultural-events-1956-2014,"Important Social and Cultural Events, 1956–2014",ముఖ్యమైన సామాజిక మరియు సాంస్కృతిక సంఘటనలు (1956–2014),u5-c31-language-education,Official language and education,అధికార భాష మరియు విద్య,అధికార భాష మరియు విద్య,u5-c31-education-universities,Education and universities,విద్య మరియు విశ్వవిద్యాలయాలు,direct,u5-c31-education-universities,0,1,0,1,
ap-history-taxonomy-v1,5,31,u5-c31-social-cultural-events-1956-2014,"Important Social and Cultural Events, 1956–2014",ముఖ్యమైన సామాజిక మరియు సాంస్కృతిక సంఘటనలు (1956–2014),u5-c31-literature-theatre,Literature and theatre,సాహిత్యం మరియు రంగస్థలం,సాహిత్యం మరియు రంగస్థలం,u5-c31-literature,Literature,సాహిత్యం,direct,u5-c31-literature,0,1,0,1,
ap-history-taxonomy-v1,5,31,u5-c31-social-cultural-events-1956-2014,"Important Social and Cultural Events, 1956–2014",ముఖ్యమైన సామాజిక మరియు సాంస్కృతిక సంఘటనలు (1956–2014),u5-c31-literature-theatre,Literature and theatre,సాహిత్యం మరియు రంగస్థలం,సాహిత్యం మరియు రంగస్థలం,u5-c31-theatre,Theatre,రంగస్థలం,direct,u5-c31-theatre,0,1,0,0,overlap
ap-history-taxonomy-v1,5,31,u5-c31-social-cultural-events-1956-2014,"Important Social and Cultural Events, 1956–2014",ముఖ్యమైన సామాజిక మరియు సాంస్కృతిక సంఘటనలు (1956–2014),u5-c31-cinema,Cinema,సినిమా,సినిమా,u5-c31-cinema,Cinema,సినిమా,direct,u5-c31-cinema,0,1,0,1,
ap-history-taxonomy-v1,5,31,u5-c31-social-cultural-events-1956-2014,"Important Social and Cultural Events, 1956–2014",ముఖ్యమైన సామాజిక మరియు సాంస్కృతిక సంఘటనలు (1956–2014),u5-c31-arts-institutions,"Visual and performing arts, cultural institutions and developments to 2014","దృశ్య మరియు ప్రదర్శన కళలు, సాంస్కృతిక సంస్థలు మరియు 2014 వరకు పరిణామాలు","దృశ్య మరియు ప్రదర్శన కళలు, సాంస్కృతిక సంస్థలు మరియు 2014 వరకు పరిణామాలు",u5-c31-visual-performing-arts,Visual and performing arts,చిత్ర మరియు ప్రదర్శన కళలు,direct,u5-c31-visual-performing-arts,1,0,0,0,
ap-history-taxonomy-v1,5,31,u5-c31-social-cultural-events-1956-2014,"Important Social and Cultural Events, 1956–2014",ముఖ్యమైన సామాజిక మరియు సాంస్కృతిక సంఘటనలు (1956–2014),u5-c31-arts-institutions,"Visual and performing arts, cultural institutions and developments to 2014","దృశ్య మరియు ప్రదర్శన కళలు, సాంస్కృతిక సంస్థలు మరియు 2014 వరకు పరిణామాలు","దృశ్య మరియు ప్రదర్శన కళలు, సాంస్కృతిక సంస్థలు మరియు 2014 వరకు పరిణామాలు",u5-c31-cultural-institutions,Cultural institutions,సాంస్కృతిక సంస్థలు,direct,u5-c31-cultural-institutions,1,0,0,0,
ap-history-taxonomy-v1,5,31,u5-c31-social-cultural-events-1956-2014,"Important Social and Cultural Events, 1956–2014",ముఖ్యమైన సామాజిక మరియు సాంస్కృతిక సంఘటనలు (1956–2014),u5-c31-arts-institutions,"Visual and performing arts, cultural institutions and developments to 2014","దృశ్య మరియు ప్రదర్శన కళలు, సాంస్కృతిక సంస్థలు మరియు 2014 వరకు పరిణామాలు","దృశ్య మరియు ప్రదర్శన కళలు, సాంస్కృతిక సంస్థలు మరియు 2014 వరకు పరిణామాలు",u5-c31-cultural-developments-to-2014,Major cultural developments up to 2014,2014 వరకు ముఖ్య సాంస్కృతిక పరిణామాలు,direct,u5-c31-cultural-developments-to-2014,1,0,1,0,overlap;note_driven
ap-history-taxonomy-v1,5,31,u5-c31-social-cultural-events-1956-2014,"Important Social and Cultural Events, 1956–2014",ముఖ్యమైన సామాజిక మరియు సాంస్కృతిక సంఘటనలు (1956–2014),u5-c31-dalit-social-movements,Dalit and social movements,దళిత మరియు సామాజిక ఉద్యమాలు,దళిత మరియు సామాజిక ఉద్యమాలు,u5-c31-dalit-social-movements,Dalit and social movements,దళిత మరియు సామాజిక ఉద్యమాలు,direct,u5-c31-dalit-social-movements,0,1,0,1,
ap-history-taxonomy-v1,5,31,u5-c31-social-cultural-events-1956-2014,"Important Social and Cultural Events, 1956–2014",ముఖ్యమైన సామాజిక మరియు సాంస్కృతిక సంఘటనలు (1956–2014),u5-c31-womens-civil-society,Women's and civil-society movements,మహిళా మరియు పౌర సమాజ ఉద్యమాలు,మహిళా మరియు పౌర సమాజ ఉద్యమాలు,u5-c31-womens-movements,Women's movements,మహిళా ఉద్యమాలు,direct,u5-c31-womens-movements,0,0,0,0,overlap
ap-history-taxonomy-v1,5,31,u5-c31-social-cultural-events-1956-2014,"Important Social and Cultural Events, 1956–2014",ముఖ్యమైన సామాజిక మరియు సాంస్కృతిక సంఘటనలు (1956–2014),u5-c31-womens-civil-society,Women's and civil-society movements,మహిళా మరియు పౌర సమాజ ఉద్యమాలు,మహిళా మరియు పౌర సమాజ ఉద్యమాలు,u5-c31-civil-society-movements,Civil-society movements,పౌర సమాజ ఉద్యమాలు,direct,u5-c31-civil-society-movements,0,0,0,0,
ap-history-taxonomy-v1,5,31,u5-c31-social-cultural-events-1956-2014,"Important Social and Cultural Events, 1956–2014",ముఖ్యమైన సామాజిక మరియు సాంస్కృతిక సంఘటనలు (1956–2014),u5-c31-regional-identity-movements,"Regional identity movements: Telangana 1969, Jai Andhra 1972 and safeguards","ప్రాంతీయ గుర్తింపు ఉద్యమాలు: 1969 తెలంగాణ, 1972 జై ఆంధ్ర మరియు రక్షణలు","ప్రాంతీయ గుర్తింపు ఉద్యమాలు: 1969 తెలంగాణ, 1972 జై ఆంధ్ర మరియు రక్షణలు",u5-c31-telangana-movement-1969,Telangana movement of 1969,1969 తెలంగాణ ఉద్యమం,direct,u5-c31-telangana-movement-1969,8,1,1,1,overlap
ap-history-taxonomy-v1,5,31,u5-c31-social-cultural-events-1956-2014,"Important Social and Cultural Events, 1956–2014",ముఖ్యమైన సామాజిక మరియు సాంస్కృతిక సంఘటనలు (1956–2014),u5-c31-regional-identity-movements,"Regional identity movements: Telangana 1969, Jai Andhra 1972 and safeguards","ప్రాంతీయ గుర్తింపు ఉద్యమాలు: 1969 తెలంగాణ, 1972 జై ఆంధ్ర మరియు రక్షణలు","ప్రాంతీయ గుర్తింపు ఉద్యమాలు: 1969 తెలంగాణ, 1972 జై ఆంధ్ర మరియు రక్షణలు",u5-c31-jai-andhra-1972,Jai Andhra Movement of 1972,1972 జై ఆంధ్ర ఉద్యమం,direct,u5-c31-jai-andhra-1972,8,1,1,1,overlap
ap-history-taxonomy-v1,5,31,u5-c31-social-cultural-events-1956-2014,"Important Social and Cultural Events, 1956–2014",ముఖ్యమైన సామాజిక మరియు సాంస్కృతిక సంఘటనలు (1956–2014),u5-c31-regional-identity-movements,"Regional identity movements: Telangana 1969, Jai Andhra 1972 and safeguards","ప్రాంతీయ గుర్తింపు ఉద్యమాలు: 1969 తెలంగాణ, 1972 జై ఆంధ్ర మరియు రక్షణలు","ప్రాంతీయ గుర్తింపు ఉద్యమాలు: 1969 తెలంగాణ, 1972 జై ఆంధ్ర మరియు రక్షణలు",u5-c31-regional-identity-movements,Regional identity movements,ప్రాంతీయ గుర్తింపు ఉద్యమాలు,direct,u5-c31-regional-identity-movements,8,1,4,1,overlap
ap-history-taxonomy-v1,5,31,u5-c31-social-cultural-events-1956-2014,"Important Social and Cultural Events, 1956–2014",ముఖ్యమైన సామాజిక మరియు సాంస్కృతిక సంఘటనలు (1956–2014),u5-c31-regional-identity-movements,"Regional identity movements: Telangana 1969, Jai Andhra 1972 and safeguards","ప్రాంతీయ గుర్తింపు ఉద్యమాలు: 1969 తెలంగాణ, 1972 జై ఆంధ్ర మరియు రక్షణలు","ప్రాంతీయ గుర్తింపు ఉద్యమాలు: 1969 తెలంగాణ, 1972 జై ఆంధ్ర మరియు రక్షణలు",u5-c31-mulki-rules,Mulki rules and regional safeguards,ముల్కీ నిబంధనలు మరియు ప్రాంతీయ రక్షణలు,direct,,8,1,2,0,
